-- phpMyAdmin SQL Dump
-- version 3.4.5deb1
-- http://www.phpmyadmin.net
--
-- Хост: localhost
-- Время создания: Фев 16 2012 г., 00:49
-- Версия сервера: 5.1.58
-- Версия PHP: 5.3.6-13ubuntu3.6

SET SQL_MODE="NO_AUTO_VALUE_ON_ZERO";
SET time_zone = "+00:00";


/*!40101 SET @OLD_CHARACTER_SET_CLIENT=@@CHARACTER_SET_CLIENT */;
/*!40101 SET @OLD_CHARACTER_SET_RESULTS=@@CHARACTER_SET_RESULTS */;
/*!40101 SET @OLD_COLLATION_CONNECTION=@@COLLATION_CONNECTION */;
/*!40101 SET NAMES utf8 */;

--
-- База данных: `sms_voting`
--

-- --------------------------------------------------------

--
-- Структура таблицы `answers`
--

DROP TABLE IF EXISTS `answers`;
CREATE TABLE IF NOT EXISTS `answers` (
  `id` int(11) NOT NULL AUTO_INCREMENT,
  `poll_id` int(11) NOT NULL,
  `rating` int(10) unsigned NOT NULL DEFAULT '0',
  `title` varchar(255) NOT NULL,
  `image_url` varchar(255) DEFAULT NULL,
  `url` varchar(255) DEFAULT NULL,
  `description` text,
  PRIMARY KEY (`id`),
  KEY `poll_id` (`poll_id`),
  KEY `rating` (`rating`)
) ENGINE=MyISAM  DEFAULT CHARSET=utf8 AUTO_INCREMENT=57 ;

--
-- Дамп данных таблицы `answers`
--

INSERT INTO `answers` (`id`, `poll_id`, `rating`, `title`, `image_url`, `url`, `description`) VALUES
(1, 1, 0, 'вариант 1', NULL, NULL, 'описание варианта 1'),
(2, 1, 0, 'вариант 2', NULL, NULL, 'описание варианта 2'),
(3, 1, 0, 'вариант 3', NULL, NULL, NULL),
(4, 1, 0, 'вариант 4', NULL, NULL, NULL),
(5, 1, 0, 'вариант 5', NULL, NULL, NULL),
(6, 1, 0, 'вариант 6', NULL, NULL, NULL),
(7, 2, 0, 'вариант 1', NULL, NULL, 'описание варианта 1'),
(8, 2, 0, 'вариант 2', NULL, NULL, 'описание варианта 2'),
(9, 2, 0, 'вариант 3', NULL, NULL, 'описание варианта 3'),
(10, 2, 0, 'вариант 4', NULL, NULL, 'описание варианта 4'),
(11, 2, 0, 'вариант 5', NULL, NULL, 'описание варианта 5'),
(12, 2, 0, 'вариант 6', NULL, NULL, 'описание варианта 6'),
(13, 2, 0, 'вариант 7', NULL, NULL, 'описание варианта 7'),
(14, 2, 0, 'вариант 8', NULL, NULL, 'описание варианта 8'),
(15, 2, 0, 'вариант 9', NULL, NULL, 'описание варианта 9'),
(16, 2, 0, 'вариант 10', NULL, NULL, 'описание варианта 10'),
(17, 2, 0, 'вариант 11', NULL, NULL, 'описание варианта 11'),
(18, 2, 0, 'вариант 12', NULL, NULL, 'описание варианта 12'),
(19, 2, 0, 'вариант 13', NULL, NULL, 'описание варианта 13'),
(20, 2, 0, 'вариант 14', NULL, NULL, 'описание варианта 14'),
(21, 2, 0, 'вариант 15', NULL, NULL, 'описание варианта 15'),
(22, 2, 0, 'вариант 16', NULL, NULL, 'описание варианта 16'),
(23, 2, 0, 'вариант 17', NULL, NULL, 'описание варианта 17'),
(24, 2, 0, 'вариант 18', NULL, NULL, 'описание варианта 18'),
(25, 2, 0, 'вариант 19', NULL, NULL, 'описание варианта 19'),
(26, 2, 0, 'вариант 20', NULL, NULL, NULL),
(27, 2, 0, 'вариант 20', NULL, NULL, NULL),
(28, 2, 0, 'вариант 21', NULL, NULL, NULL),
(29, 2, 0, 'вариант 22', NULL, NULL, NULL),
(30, 2, 0, 'вариант 23', NULL, NULL, NULL),
(31, 2, 0, 'вариант 24', NULL, NULL, NULL),
(32, 2, 0, 'вариант 25', NULL, NULL, NULL),
(33, 2, 0, 'вариант 26', NULL, NULL, NULL),
(34, 2, 0, 'вариант 27', NULL, NULL, NULL),
(35, 2, 0, 'вариант 28', NULL, NULL, NULL),
(36, 2, 0, 'вариант 29', NULL, NULL, NULL),
(37, 2, 0, 'вариант 30', NULL, NULL, NULL),
(38, 2, 0, 'вариант 31', NULL, NULL, NULL),
(39, 2, 0, 'вариант 32', NULL, NULL, NULL),
(40, 2, 0, 'вариант 33', NULL, NULL, NULL),
(41, 2, 0, 'вариант 34', NULL, NULL, NULL),
(42, 2, 0, 'вариант 35', NULL, NULL, NULL),
(43, 2, 0, 'вариант 36', NULL, NULL, NULL),
(44, 2, 0, 'вариант 37', NULL, NULL, NULL),
(45, 2, 0, 'вариант 38', NULL, NULL, NULL),
(46, 2, 0, 'вариант 39', NULL, NULL, NULL),
(47, 2, 0, 'вариант 40', NULL, NULL, NULL),
(48, 2, 0, 'вариант 41', NULL, NULL, NULL),
(49, 2, 0, 'вариант 42', NULL, NULL, NULL),
(50, 2, 0, 'вариант 43', NULL, NULL, NULL),
(51, 2, 0, 'вариант 44', NULL, NULL, NULL),
(52, 2, 0, 'вариант 45', NULL, NULL, NULL),
(53, 2, 0, 'вариант 46', NULL, NULL, NULL),
(54, 2, 0, 'вариант 47', NULL, NULL, NULL),
(55, 2, 0, 'вариант 48', NULL, NULL, NULL),
(56, 2, 0, 'вариант 49', NULL, NULL, NULL);

-- --------------------------------------------------------

--
-- Структура таблицы `codes`
--

DROP TABLE IF EXISTS `codes`;
CREATE TABLE IF NOT EXISTS `codes` (
  `id` int(11) NOT NULL AUTO_INCREMENT,
  `poll_id` int(11) NOT NULL,
  `phone_id` int(11) NOT NULL,
  `code` varchar(16) NOT NULL,
  `used` tinyint(4) NOT NULL DEFAULT '0',
  `create_time` timestamp NOT NULL DEFAULT CURRENT_TIMESTAMP,
  `used_time` timestamp NULL DEFAULT NULL,
  `session_hash` varchar(32) NOT NULL,
  PRIMARY KEY (`id`),
  UNIQUE KEY `poll_id` (`poll_id`,`code`),
  KEY `phone_id` (`phone_id`)
) ENGINE=MyISAM DEFAULT CHARSET=utf8 AUTO_INCREMENT=1 ;

-- --------------------------------------------------------

--
-- Структура таблицы `networks`
--

DROP TABLE IF EXISTS `networks`;
CREATE TABLE IF NOT EXISTS `networks` (
  `id` int(11) NOT NULL AUTO_INCREMENT,
  `name` varchar(255) NOT NULL,
  PRIMARY KEY (`id`),
  UNIQUE KEY `name` (`name`)
) ENGINE=MyISAM  DEFAULT CHARSET=utf8 AUTO_INCREMENT=101 ;

--
-- Дамп данных таблицы `networks`
--

INSERT INTO `networks` (`id`, `name`) VALUES
(1, 'Верхневолжский филиал ОАО "ЦентрТелеком"'),
(2, 'ЗАО "Амурский Сотовый Телефон"'),
(3, 'ЗАО "Астарта"'),
(4, 'ЗАО "Байкалвестком"'),
(5, 'ЗАО "Брянские Сотовые Сети"'),
(6, 'ЗАО "Вологодская Сотовая Связь" '),
(7, 'ЗАО "Дельта Телеком"'),
(8, 'ЗАО "Енисейтелеком"'),
(9, 'ЗАО "Кабардино-Балкарская сотовая связь"'),
(10, 'ЗАО "Кузбасская Сотовая Связь"'),
(11, 'ЗАО "Курганский сотовый телефон"'),
(12, 'ЗАО "Мобильная Сотовая Связь Ставрополья"'),
(13, 'ЗАО "Региональный Технический Центр"'),
(14, 'ЗАО "Саратовская Система Сотовой Связи"'),
(15, 'ЗАО "Смоленские Мобильные Сети"'),
(16, 'ЗАО "Сотел Астрахань"'),
(17, 'ЗАО "Сотел-Оренбург"'),
(18, 'ЗАО "Сотел-Пенза"'),
(19, 'ЗАО "Сотел-Читинская Сотовая Связь"'),
(20, 'ЗАО "Сотел-Чувашия"'),
(21, 'ЗАО "Сотовая Связь Биробиджана"'),
(22, 'ЗАО "Сотовая связь Калмыкии"'),
(23, 'ЗАО "Сотовая связь Мордовии"'),
(24, 'ЗАО "Сотовая Связь Приморья"'),
(25, 'ЗАО "СТелС"'),
(26, 'ЗАО "Тульская Сотовая Радиотелефонная Связь"'),
(27, 'ЗАО "Уралвестком"'),
(28, 'ЗАО "Хабаровский Сотовый Телефон"'),
(29, 'ЗАО "Череповецкая Сотовая Связь"'),
(30, 'ЗАО "Черкесская сотовая связь"'),
(31, 'ОАО "Апекс"'),
(32, 'ОАО "ВолгаТелеком" Самарский ф-л '),
(33, 'ОАО "Вымпел-Коммуникации"'),
(34, 'ОАО "Калининградские Мобильные Сети"'),
(35, 'ОАО "Московская Сотовая Связь"'),
(36, 'ОАО "МТТ"'),
(37, 'ОАО "Северо-Восточные Телекоммуникации"'),
(38, 'ОАО "Северо-Западный Телеком" Архангельский ф-л '),
(39, 'ОАО "Сибирьтелеком"'),
(40, 'ОАО "Сибирьтелеком" ф-л "Томсктелеком"'),
(41, 'ОАО "Сотовая Связь Башкортостана"'),
(42, 'ОАО "Уралсвязьинформ"'),
(43, 'Парма NMT'),
(44, 'ЗАО "АКОС"'),
(45, 'ЗАО "Архангельские Мобильные Сети"'),
(46, 'ЗАО "Астрахань-GSM"'),
(47, 'ЗАО "Волгоград-GSM"'),
(48, 'ЗАО "Мурманская Мобильная Сеть"'),
(49, 'ЗАО "Нижегородская Сотовая Связь"'),
(50, 'ЗАО "Новгородские Телекоммуникации"'),
(51, 'ЗАО "Оренбург GSM"'),
(52, 'ЗАО "Пенза-GSM"'),
(53, 'ЗАО "Сахалин Телеком Мобайл"'),
(54, 'ЗАО "Сотовый Телефон Кузбасса Джи Эс Эм"'),
(55, 'ЗАО "Ульяновск GSM"'),
(56, 'ЗАО "Шупашкар-GSM"'),
(57, 'ЗАО "Ярославль-GSM"'),
(58, 'ОАО "Алтайсвязь"'),
(59, 'ОАО "ВолгаТелеком" ф-ал по республике Марий Эл '),
(60, 'ОАО "Дальсвязь" Камчатский ф-л'),
(61, 'ОАО "Дальсвязь" Магаданский филиал'),
(62, 'ОАО "Мобильные Телесистемы"'),
(63, 'ОАО "Новая Телефонная Компания"'),
(64, 'ОАО "Сибирьтелеком" ф-л Республики Бурятия'),
(65, 'ОАО "СМАРТС"'),
(66, 'ООО "Екатеринбург-2000"'),
(67, 'ООО "Телеком Евразия"'),
(68, 'ООО "Телесет ЛТД"'),
(69, 'Тамбовский филиал ОАО "ЦентрТелеком" '),
(70, 'ЗАО "Белгородская Сотовая Связь"'),
(71, 'ЗАО "Вотек-Мобайл"'),
(72, 'ЗАО "Кемеровская Мобильная Связь"'),
(73, 'ЗАО "Курская Сотовая Связь"'),
(74, 'ЗАО "Липецк-Мобайл"'),
(75, 'ЗАО "Парма Мобайл"'),
(76, 'ЗАО "Ростовская Сотовая Связь"'),
(77, 'ЗАО "РП Технологии"'),
(78, 'ЗАО "Сибирская Сотовая Связь"'),
(79, 'ЗАО "Смоленская Сотовая Связь"'),
(80, 'ОАО "Облком"'),
(81, 'ОАО "Санкт-Петербург Телеком"'),
(82, 'ООО "Персональные Системы Связи в Регионе"'),
(83, 'ООО "Челябинская Сотовая связь"'),
(84, 'ЗАО "Сибинтертелеком"'),
(85, 'ООО "Дагтелеком"'),
(86, 'ЗАО "Мобиком-Центр"'),
(87, 'Северный филиал ЗАО "Мобиком-Центр"'),
(88, 'Южный филиал ЗАО "Мобиком-Центр"'),
(89, 'Северо-Западный филиал ОАО "МегаФон"'),
(90, 'ЗАО "Уральский Джи Эс Эм"'),
(91, 'ОАО "Мобильные Системы Связи-Поволжье"'),
(92, 'ЗАО "Мобиком-Новосибирск"'),
(93, 'ЗАО "Мобиком-Хабаровск"'),
(94, 'ЗАО "СоникДуо"'),
(95, 'ЗАО "Мобиком-Кавказ"'),
(96, 'ОАО "Мегафон" 3G'),
(97, 'ОАО "Мегафон"'),
(98, 'ООО "Беспроводные информационные технологии"'),
(99, 'ЗАО "Адыгейская Сотовая Связь"'),
(100, 'ЗАО "Вотек Мобайл"');

-- --------------------------------------------------------

--
-- Структура таблицы `phones`
--

DROP TABLE IF EXISTS `phones`;
CREATE TABLE IF NOT EXISTS `phones` (
  `id` int(11) NOT NULL AUTO_INCREMENT,
  `range_id` int(11) NOT NULL,
  `md5_phone` varchar(32) NOT NULL,
  `checked` tinyint(4) NOT NULL DEFAULT '0',
  PRIMARY KEY (`id`),
  UNIQUE KEY `md5_phone` (`md5_phone`),
  KEY `range_id` (`range_id`)
) ENGINE=MyISAM DEFAULT CHARSET=utf8 AUTO_INCREMENT=1 ;

-- --------------------------------------------------------

--
-- Структура таблицы `polls`
--

DROP TABLE IF EXISTS `polls`;
CREATE TABLE IF NOT EXISTS `polls` (
  `id` int(11) NOT NULL AUTO_INCREMENT,
  `title` varchar(255) NOT NULL,
  `image_url` varchar(255) DEFAULT NULL,
  `url` varchar(255) DEFAULT NULL,
  `description` text,
  `start_date` timestamp NOT NULL DEFAULT CURRENT_TIMESTAMP,
  `end_date` timestamp NULL DEFAULT NULL,
  `active` tinyint(4) NOT NULL DEFAULT '1',
  `max_answers_per_vote` int(11) NOT NULL DEFAULT '1',
  PRIMARY KEY (`id`),
  UNIQUE KEY `title` (`title`),
  KEY `active` (`active`)
) ENGINE=MyISAM  DEFAULT CHARSET=utf8 AUTO_INCREMENT=3 ;

--
-- Дамп данных таблицы `polls`
--

INSERT INTO `polls` (`id`, `title`, `image_url`, `url`, `description`, `start_date`, `end_date`, `active`, `max_answers_per_vote`) VALUES
(1, 'тестовое голосование', NULL, NULL, 'описание тестового голосования 1', '2012-02-01 07:14:22', '2012-02-28 20:00:00', 1, 3),
(2, 'тестовое голосование 2', NULL, NULL, 'описание тестового голосования 2', '2012-02-01 07:14:22', '2012-02-28 20:00:00', 1, 10);

-- --------------------------------------------------------

--
-- Структура таблицы `polls_regions`
--

DROP TABLE IF EXISTS `polls_regions`;
CREATE TABLE IF NOT EXISTS `polls_regions` (
  `poll_id` int(11) NOT NULL,
  `region_id` int(11) NOT NULL,
  KEY `poll_id` (`poll_id`,`region_id`)
) ENGINE=MyISAM DEFAULT CHARSET=utf8;

--
-- Дамп данных таблицы `polls_regions`
--

INSERT INTO `polls_regions` (`poll_id`, `region_id`) VALUES
(1, 61),
(2, 34);

-- --------------------------------------------------------

--
-- Структура таблицы `ranges`
--

DROP TABLE IF EXISTS `ranges`;
CREATE TABLE IF NOT EXISTS `ranges` (
  `id` int(11) NOT NULL AUTO_INCREMENT,
  `network_id` int(11) NOT NULL,
  `region_id` int(11) NOT NULL,
  `code` int(10) unsigned NOT NULL,
  `range_start` int(10) unsigned NOT NULL,
  `range_end` int(10) unsigned NOT NULL,
  PRIMARY KEY (`id`),
  KEY `code` (`code`,`range_start`,`range_end`)
) ENGINE=MyISAM  DEFAULT CHARSET=utf8 AUTO_INCREMENT=3005 ;

--
-- Дамп данных таблицы `ranges`
--

INSERT INTO `ranges` (`id`, `network_id`, `region_id`, `code`, `range_start`, `range_end`) VALUES
(1, 1, 1, 901, 1940000, 1949999),
(2, 1, 1, 901, 1910000, 1919999),
(3, 1, 2, 901, 1960000, 1969999),
(4, 1, 2, 901, 1970000, 1979999),
(5, 1, 3, 901, 9990000, 9999999),
(6, 1, 3, 901, 9940000, 9949999),
(7, 1, 3, 901, 1990000, 1999999),
(8, 1, 3, 901, 9850000, 9859999),
(9, 1, 3, 901, 1950000, 1959999),
(10, 1, 3, 901, 9970000, 9979999),
(11, 1, 3, 901, 4850000, 4859999),
(12, 2, 4, 901, 1310000, 1319999),
(13, 2, 4, 901, 9310000, 9319999),
(14, 3, 5, 901, 9120000, 9129999),
(15, 3, 5, 901, 6450000, 6459999),
(16, 3, 5, 901, 9130000, 9139999),
(17, 3, 6, 901, 9900000, 9909999),
(18, 3, 7, 901, 1920000, 1929999),
(19, 3, 7, 901, 9920000, 9929999),
(20, 3, 8, 901, 9410000, 9419999),
(21, 3, 9, 901, 9930000, 9939999),
(22, 3, 9, 901, 1930000, 1939999),
(23, 3, 10, 901, 9950000, 9959999),
(24, 3, 10, 901, 6350000, 6359999),
(25, 3, 11, 901, 4710000, 4719999),
(26, 3, 11, 901, 4790000, 4799999),
(27, 3, 11, 901, 4490000, 4499999),
(28, 3, 11, 901, 2420000, 2439999),
(29, 3, 12, 901, 80000, 99999),
(30, 3, 12, 901, 1030000, 1039999),
(31, 3, 12, 901, 4900000, 4919999),
(32, 3, 12, 901, 1070000, 1079999),
(33, 3, 12, 901, 1000000, 1009999),
(34, 3, 12, 901, 1010000, 1019999),
(35, 3, 13, 901, 9960000, 9969999),
(36, 3, 14, 901, 4860000, 4869999),
(37, 3, 14, 901, 9860000, 9869999),
(38, 3, 15, 901, 4170000, 4179999),
(39, 3, 15, 901, 8000000, 8019999),
(40, 3, 15, 901, 4770000, 4779999),
(41, 3, 16, 901, 4580000, 4599999),
(42, 3, 16, 901, 4500000, 4529999),
(43, 3, 17, 901, 9100000, 9109999),
(44, 3, 17, 901, 2620000, 2639999),
(45, 3, 17, 901, 1100000, 1109999),
(46, 3, 17, 901, 9560000, 9569999),
(47, 3, 18, 901, 4840000, 4849999),
(48, 3, 18, 901, 9840000, 9849999),
(49, 3, 19, 901, 4970000, 4979999),
(50, 3, 20, 901, 8600000, 8699999),
(51, 3, 21, 901, 4960000, 4969999),
(52, 3, 21, 901, 0, 9999),
(53, 3, 21, 901, 1060000, 1069999),
(54, 3, 22, 901, 4810000, 4819999),
(55, 3, 22, 901, 9810000, 9819999),
(56, 3, 23, 901, 4890000, 4899999),
(57, 3, 23, 901, 9890000, 9899999),
(58, 3, 24, 901, 1900000, 1909999),
(59, 3, 24, 901, 4880000, 4889999),
(60, 3, 24, 901, 9880000, 9889999),
(61, 3, 25, 901, 8470000, 8479999),
(62, 3, 25, 901, 9470000, 9479999),
(63, 3, 25, 901, 1470000, 1479999),
(64, 3, 26, 901, 9300000, 9309999),
(65, 3, 26, 901, 1300000, 1309999),
(66, 4, 27, 901, 6400000, 6419999),
(67, 4, 27, 901, 6300000, 6344999),
(68, 4, 27, 901, 6500000, 6549999),
(69, 5, 28, 901, 9910000, 9919999),
(70, 6, 29, 901, 1690000, 1699999),
(71, 7, 29, 901, 9690000, 9699999),
(72, 7, 30, 901, 1680000, 1689999),
(73, 7, 30, 901, 9680000, 9689999),
(74, 7, 31, 901, 9640000, 9649999),
(75, 7, 32, 901, 9670000, 9679999),
(76, 7, 33, 901, 9620000, 9629999),
(77, 7, 34, 901, 9700000, 9799999),
(78, 7, 34, 901, 3000000, 3299999),
(79, 7, 34, 901, 3700000, 3799999),
(80, 8, 35, 901, 6210000, 6219999),
(81, 8, 35, 901, 6460000, 6469999),
(82, 8, 35, 901, 2400000, 2419999),
(83, 8, 35, 901, 6470000, 6479999),
(84, 8, 35, 901, 9110000, 9119999),
(85, 8, 35, 901, 1110000, 1119999),
(86, 9, 36, 901, 1040000, 1049999),
(87, 9, 36, 901, 4940000, 4949999),
(88, 10, 37, 901, 9290000, 9299999),
(89, 10, 37, 901, 6440000, 6449999),
(90, 10, 37, 901, 6150000, 6169999),
(91, 10, 37, 901, 4110000, 4119999),
(92, 10, 37, 901, 6190000, 6199999),
(93, 10, 37, 901, 1160000, 1169999),
(94, 10, 37, 901, 9160000, 9169999),
(95, 10, 37, 901, 4670000, 4679999),
(96, 10, 37, 901, 6290000, 6299999),
(97, 10, 37, 901, 1290000, 1299999),
(98, 11, 38, 901, 9510000, 9519999),
(99, 12, 39, 901, 4680000, 4689999),
(100, 12, 39, 901, 1080000, 1089999),
(101, 12, 39, 901, 4980000, 4989999),
(102, 12, 39, 901, 4480000, 4489999),
(103, 13, 40, 901, 2600000, 2619999),
(104, 13, 40, 901, 9590000, 9599999),
(105, 14, 41, 901, 8040000, 8079999),
(106, 14, 41, 901, 9450000, 9459999),
(107, 14, 41, 901, 1450000, 1459999),
(108, 15, 42, 901, 4870000, 4879999),
(109, 15, 42, 901, 9870000, 9879999),
(110, 16, 43, 901, 9440000, 9449999),
(111, 16, 43, 901, 1440000, 1449999),
(112, 17, 44, 901, 9530000, 9539999),
(113, 18, 45, 901, 9430000, 9439999),
(114, 19, 46, 901, 9230000, 9239999),
(115, 20, 47, 901, 4730000, 4739999),
(116, 21, 48, 901, 9320000, 9329999),
(117, 21, 48, 901, 1320000, 1329999),
(118, 22, 49, 901, 9420000, 9429999),
(119, 23, 50, 901, 9270000, 9279999),
(120, 23, 50, 901, 1270000, 1279999),
(121, 24, 51, 901, 1380000, 1389999),
(122, 24, 51, 901, 9380000, 9389999),
(123, 24, 51, 901, 1340000, 1349999),
(124, 24, 51, 901, 9340000, 9349999),
(125, 25, 52, 901, 9460000, 9469999),
(126, 26, 53, 901, 9980000, 9989999),
(127, 26, 53, 901, 1980000, 1989999),
(128, 27, 54, 901, 9490000, 9509999),
(129, 27, 54, 901, 2300000, 2309999),
(130, 27, 54, 901, 2010000, 2019999),
(131, 27, 54, 901, 4530000, 4539999),
(132, 27, 54, 901, 2200000, 2209999),
(133, 27, 54, 901, 2100000, 2109999),
(134, 28, 55, 901, 9330000, 9339999),
(135, 28, 56, 901, 1350000, 1359999),
(136, 28, 56, 901, 9350000, 9359999),
(137, 28, 57, 901, 1370000, 1379999),
(138, 28, 57, 901, 9370000, 9379999),
(139, 29, 29, 901, 1650000, 1659999),
(140, 29, 29, 901, 9650000, 9659999),
(141, 30, 58, 901, 4950000, 4959999),
(142, 30, 58, 901, 1050000, 1059999),
(143, 31, 59, 901, 1580000, 1589999),
(144, 31, 59, 901, 2520000, 2539999),
(145, 31, 59, 901, 2500000, 2519999),
(146, 31, 59, 901, 9580000, 9589999),
(147, 32, 60, 901, 8020000, 8039999),
(148, 33, 61, 901, 7000000, 7999999),
(149, 34, 62, 901, 9630000, 9639999),
(150, 34, 62, 901, 1630000, 1639999),
(151, 34, 62, 901, 3900000, 3909999),
(152, 35, 61, 901, 4700000, 4709999),
(153, 35, 61, 901, 4610000, 4619999),
(154, 35, 61, 901, 9820000, 9839999),
(155, 35, 61, 901, 1800000, 1899999),
(156, 35, 61, 901, 5000000, 5999999),
(157, 35, 61, 901, 4640000, 4649999),
(158, 35, 61, 901, 4000000, 4099999),
(159, 35, 61, 901, 9000000, 9099999),
(160, 36, 61, 901, 2090000, 2099999),
(161, 37, 63, 901, 9240000, 9249999),
(162, 38, 64, 901, 9660000, 9669999),
(163, 38, 64, 901, 1660000, 1669999),
(164, 39, 65, 901, 6000000, 6009999),
(165, 40, 66, 901, 6170000, 6189999),
(166, 40, 66, 901, 6100000, 6129999),
(167, 40, 66, 901, 6130000, 6149999),
(168, 41, 67, 901, 8100000, 8199999),
(169, 41, 67, 901, 4400000, 4429999),
(170, 42, 68, 901, 2650000, 2699999),
(171, 42, 68, 901, 9540000, 9559999),
(172, 43, 49, 901, 9610000, 9619999),
(173, 44, 51, 902, 5050000, 5069999),
(174, 44, 51, 902, 4800000, 4899999),
(175, 45, 64, 902, 1900000, 1999999),
(176, 45, 64, 902, 5070000, 5079999),
(177, 45, 64, 902, 2850000, 2869999),
(178, 45, 64, 902, 5040000, 5049999),
(179, 46, 43, 902, 9530000, 9559999),
(180, 46, 43, 902, 1100000, 1199999),
(181, 46, 43, 902, 9930000, 9959999),
(182, 46, 43, 902, 3500000, 3519999),
(183, 4, 27, 902, 5760000, 5799999),
(184, 4, 27, 902, 5600000, 5619999),
(185, 4, 27, 902, 5190000, 5199999),
(186, 4, 27, 902, 7600000, 7699999),
(187, 4, 27, 902, 1700000, 1799999),
(188, 4, 27, 902, 5660000, 5699999),
(189, 4, 27, 902, 5400000, 5499999),
(190, 4, 27, 902, 5100000, 5169999),
(191, 47, 8, 902, 3800000, 3899999),
(192, 47, 8, 902, 3100000, 3149999),
(193, 47, 8, 902, 6500000, 6599999),
(194, 47, 8, 902, 3600000, 3649999),
(195, 47, 8, 902, 900000, 999999),
(196, 8, 35, 902, 9400000, 9439999),
(197, 8, 35, 902, 9100000, 9149999),
(198, 8, 35, 902, 9440000, 9449999),
(199, 8, 35, 902, 9500000, 9529999),
(200, 8, 35, 902, 5500000, 5529999),
(201, 8, 35, 902, 9450000, 9479999),
(202, 8, 35, 902, 9160000, 9299999),
(203, 8, 35, 902, 9480000, 9499999),
(204, 8, 35, 902, 9560000, 9829999),
(205, 8, 35, 902, 9150000, 9159999),
(206, 8, 35, 902, 9900000, 9929999),
(207, 8, 65, 902, 100000, 149999),
(208, 8, 65, 902, 4670000, 4689999),
(209, 8, 65, 902, 9960000, 9969999),
(210, 48, 30, 902, 2810000, 2829999),
(211, 48, 30, 902, 1300000, 1399999),
(212, 49, 15, 902, 7800000, 7899999),
(213, 49, 15, 902, 3000000, 3099999),
(214, 49, 15, 902, 6800000, 6899999),
(215, 49, 50, 902, 6660000, 6699999),
(216, 49, 41, 902, 400000, 499999),
(217, 49, 47, 902, 2870000, 2889999),
(218, 50, 31, 902, 2830000, 2849999),
(219, 50, 31, 902, 1470000, 1499999),
(220, 51, 44, 902, 3650000, 3669999),
(221, 51, 44, 902, 2470000, 2489999),
(222, 52, 45, 902, 3400000, 3499999),
(223, 52, 45, 902, 2000000, 2009999),
(224, 52, 45, 902, 3520000, 3549999),
(225, 52, 45, 902, 2030000, 2099999),
(226, 52, 45, 902, 800000, 899999),
(227, 53, 57, 902, 2800000, 2809999),
(228, 53, 57, 902, 4190000, 4199999),
(229, 53, 57, 902, 2890000, 2899999),
(230, 53, 57, 902, 1520000, 1549999),
(231, 53, 57, 902, 5800000, 5819999),
(232, 53, 57, 902, 4140000, 4179999),
(233, 54, 37, 902, 7550000, 7599999),
(234, 54, 37, 902, 9830000, 9849999),
(235, 55, 25, 902, 5820000, 5829999),
(236, 55, 25, 902, 2440000, 2469999),
(237, 55, 25, 902, 1200000, 1239999),
(238, 55, 25, 902, 5880000, 5899999),
(239, 55, 25, 902, 3550000, 3579999),
(240, 55, 25, 902, 1250000, 1299999),
(241, 55, 25, 902, 0, 99999),
(242, 56, 47, 902, 2490000, 2499999),
(243, 56, 47, 902, 6600000, 6639999),
(244, 56, 47, 902, 3270000, 3289999),
(245, 56, 47, 902, 2400000, 2409999),
(246, 56, 47, 902, 6650000, 6659999),
(247, 56, 47, 902, 3590000, 3599999),
(248, 57, 3, 902, 3300000, 3349999),
(249, 57, 3, 902, 2200000, 2299999),
(250, 58, 5, 902, 9970000, 9999999),
(251, 58, 5, 902, 1400000, 1469999),
(252, 59, 69, 902, 7350000, 7399999),
(253, 59, 69, 902, 3250000, 3269999),
(254, 59, 69, 902, 6640000, 6649999),
(255, 59, 69, 902, 1000000, 1099999),
(256, 59, 69, 902, 4300000, 4399999),
(257, 59, 69, 902, 7430000, 7459999),
(258, 59, 69, 902, 3290000, 3299999),
(259, 59, 69, 902, 6700000, 6729999),
(260, 59, 69, 902, 1240000, 1249999),
(261, 59, 69, 902, 4650000, 4669999),
(262, 59, 69, 902, 3580000, 3589999),
(263, 60, 55, 902, 5180000, 5189999),
(264, 60, 55, 902, 4610000, 4649999),
(265, 61, 56, 902, 5080000, 5089999),
(266, 62, 67, 902, 5900000, 5999999),
(267, 63, 51, 902, 5200000, 5299999),
(268, 63, 51, 902, 500000, 799999),
(269, 63, 51, 902, 5590000, 5599999),
(270, 63, 51, 902, 5530000, 5579999),
(271, 64, 70, 902, 1600000, 1699999),
(272, 64, 70, 902, 4500000, 4599999),
(273, 64, 70, 902, 5620000, 5659999),
(274, 64, 70, 902, 5300000, 5399999),
(275, 65, 1, 902, 2410000, 2439999),
(276, 65, 1, 902, 3150000, 3199999),
(277, 65, 1, 902, 7460000, 7479999),
(278, 65, 67, 902, 7120000, 7129999),
(279, 65, 69, 902, 7130000, 7139999),
(280, 65, 50, 902, 7160000, 7169999),
(281, 65, 50, 902, 7140000, 7149999),
(282, 65, 52, 902, 7180000, 7199999),
(283, 65, 52, 902, 7110000, 7119999),
(284, 65, 52, 902, 7150000, 7159999),
(285, 65, 60, 902, 7480000, 7499999),
(286, 65, 60, 902, 3350000, 3399999),
(287, 65, 60, 902, 2900000, 2999999),
(288, 65, 60, 902, 3700000, 3799999),
(289, 65, 60, 902, 3200000, 3249999),
(290, 65, 41, 902, 7170000, 7179999),
(291, 65, 41, 902, 7100000, 7109999),
(292, 42, 71, 902, 6930000, 6939999),
(293, 42, 71, 902, 6210000, 6219999),
(294, 42, 68, 902, 7900000, 8099999),
(295, 42, 68, 902, 4700000, 4799999),
(296, 42, 68, 902, 8300000, 8399999),
(297, 42, 68, 902, 6300000, 6499999),
(298, 42, 54, 902, 4400000, 4499999),
(299, 42, 54, 902, 5830000, 5879999),
(300, 42, 54, 902, 4000000, 4009999),
(301, 42, 54, 902, 5000000, 5039999),
(302, 42, 54, 902, 1500000, 1519999),
(303, 42, 54, 902, 1880000, 1889999),
(304, 42, 54, 902, 4090000, 4109999),
(305, 42, 54, 902, 5090000, 5099999),
(306, 42, 54, 902, 2530000, 2799999),
(307, 42, 54, 902, 1550000, 1569999),
(308, 42, 72, 902, 6200000, 6209999),
(309, 42, 72, 902, 8500000, 8509999),
(310, 42, 72, 902, 8250000, 8259999),
(311, 42, 72, 902, 8150000, 8159999),
(312, 42, 72, 902, 6220000, 6249999),
(313, 42, 72, 902, 8190000, 8199999),
(314, 42, 72, 902, 8180000, 8189999),
(315, 42, 72, 902, 8120000, 8139999),
(316, 42, 40, 902, 6270000, 6279999),
(317, 42, 40, 902, 8170000, 8179999),
(318, 42, 40, 902, 6940000, 6949999),
(319, 42, 40, 902, 8140000, 8149999),
(320, 42, 40, 902, 6290000, 6299999),
(321, 42, 40, 902, 8560000, 8569999),
(322, 42, 40, 902, 8580000, 8599999),
(323, 42, 40, 902, 8510000, 8559999),
(324, 42, 40, 902, 6900000, 6929999),
(325, 42, 40, 902, 8280000, 8289999),
(326, 42, 59, 902, 8900000, 8999999),
(327, 42, 59, 902, 6000000, 6199999),
(328, 42, 59, 902, 8600000, 8699999),
(329, 42, 73, 902, 8270000, 8279999),
(330, 42, 73, 902, 8290000, 8299999),
(331, 42, 73, 902, 8260000, 8269999),
(332, 42, 73, 902, 8160000, 8169999),
(333, 42, 73, 902, 6280000, 6289999),
(334, 42, 73, 902, 8570000, 8579999),
(335, 42, 73, 902, 8200000, 8209999),
(336, 42, 73, 902, 8240000, 8249999),
(337, 42, 73, 902, 6250000, 6269999),
(338, 66, 54, 902, 8700000, 8799999),
(339, 67, 12, 902, 4030000, 4089999),
(340, 68, 62, 902, 2500000, 2529999),
(341, 69, 23, 902, 9350000, 9399999),
(342, 69, 23, 902, 7200000, 7349999),
(343, 33, 5, 903, 9470000, 9499999),
(344, 33, 5, 903, 9100000, 9129999),
(345, 33, 5, 903, 9950000, 9969999),
(346, 33, 5, 903, 9570000, 9589999),
(347, 33, 5, 903, 720000, 739999),
(348, 33, 5, 903, 9900000, 9929999),
(349, 33, 43, 903, 3470000, 3499999),
(350, 33, 43, 903, 3780000, 3789999),
(351, 33, 43, 903, 3210000, 3219999),
(352, 33, 6, 903, 8840000, 8879999),
(353, 33, 6, 903, 240000, 249999),
(354, 33, 6, 903, 6420000, 6429999),
(355, 33, 28, 903, 8680000, 8699999),
(356, 33, 28, 903, 6440000, 6449999),
(357, 33, 28, 903, 8180000, 8199999),
(358, 33, 7, 903, 6470000, 6489999),
(359, 33, 7, 903, 8300000, 8339999),
(360, 33, 7, 903, 6450000, 6459999),
(361, 33, 8, 903, 3150000, 3179999),
(362, 33, 8, 903, 4670000, 4689999),
(363, 33, 8, 903, 3270000, 3279999),
(364, 33, 8, 903, 4780000, 4799999),
(365, 33, 8, 903, 3700000, 3779999),
(366, 33, 9, 903, 4200000, 4209999),
(367, 33, 9, 903, 250000, 259999),
(368, 33, 9, 903, 6500000, 6569999),
(369, 33, 9, 903, 300000, 309999),
(370, 33, 9, 903, 8500000, 8599999),
(371, 33, 1, 903, 6320000, 6329999),
(372, 33, 1, 903, 8780000, 8799999),
(373, 33, 1, 903, 8880000, 8899999),
(374, 33, 36, 903, 4250000, 4269999),
(375, 33, 36, 903, 4900000, 4979999),
(376, 33, 10, 903, 6350000, 6369999),
(377, 33, 10, 903, 6960000, 6969999),
(378, 33, 10, 903, 260000, 269999),
(379, 33, 10, 903, 8100000, 8179999),
(380, 33, 58, 903, 4220000, 4229999),
(381, 33, 37, 903, 9070000, 9099999),
(382, 33, 37, 903, 460000, 489999),
(383, 33, 37, 903, 9840000, 9859999),
(384, 33, 37, 903, 9160000, 9169999),
(385, 33, 37, 903, 670000, 719999),
(386, 33, 37, 903, 9930000, 9949999),
(387, 33, 37, 903, 9400000, 9469999),
(388, 33, 2, 903, 6340000, 6349999),
(389, 33, 2, 903, 8950000, 8999999),
(390, 33, 12, 903, 4470000, 4599999),
(391, 33, 12, 903, 4100000, 4129999),
(392, 33, 35, 903, 9590000, 9599999),
(393, 33, 35, 903, 9180000, 9189999),
(394, 33, 35, 903, 9890000, 9899999),
(395, 33, 35, 903, 9860000, 9889999),
(396, 33, 35, 903, 9200000, 9249999),
(397, 33, 35, 903, 9280000, 9299999),
(398, 33, 13, 903, 270000, 279999),
(399, 33, 13, 903, 6390000, 6399999),
(400, 33, 13, 903, 6330000, 6339999),
(401, 33, 13, 903, 8700000, 8779999),
(402, 33, 14, 903, 6430000, 6439999),
(403, 33, 14, 903, 280000, 289999),
(404, 33, 14, 903, 6990000, 6999999),
(405, 33, 14, 903, 310000, 329999),
(406, 33, 14, 903, 8600000, 8679999),
(407, 33, 61, 903, 6600000, 6899999),
(408, 33, 61, 903, 7000000, 7999999),
(409, 33, 61, 903, 5000000, 5999999),
(410, 33, 61, 903, 1000000, 2999999),
(411, 33, 61, 903, 9600000, 9799999),
(412, 33, 61, 903, 6100000, 6299999),
(413, 33, 61, 903, 3630000, 3639999),
(414, 33, 61, 903, 0, 199999),
(415, 33, 15, 903, 6000000, 6099999),
(416, 33, 15, 903, 6570000, 6579999),
(417, 33, 15, 903, 400000, 449999),
(418, 33, 15, 903, 8460000, 8499999),
(419, 33, 15, 903, 520000, 609999),
(420, 33, 16, 903, 760000, 769999),
(421, 33, 16, 903, 9970000, 9999999),
(422, 33, 16, 903, 9000000, 9069999),
(423, 33, 16, 903, 490000, 499999),
(424, 33, 16, 903, 9300000, 9399999),
(425, 33, 17, 903, 9250000, 9279999),
(426, 33, 17, 903, 9800000, 9839999),
(427, 33, 44, 903, 3900000, 3999999),
(428, 33, 44, 903, 3600000, 3629999),
(429, 33, 44, 903, 3640000, 3699999),
(430, 33, 18, 903, 6370000, 6379999),
(431, 33, 18, 903, 8800000, 8839999),
(432, 33, 18, 903, 290000, 299999),
(433, 33, 45, 903, 3230000, 3249999),
(434, 33, 74, 903, 4650000, 4669999),
(435, 33, 75, 903, 9560000, 9569999),
(436, 33, 75, 903, 9190000, 9199999),
(437, 33, 75, 903, 740000, 749999),
(438, 33, 67, 903, 3100000, 3129999),
(439, 33, 67, 903, 3500000, 3569999),
(440, 33, 76, 903, 4270000, 4299999),
(441, 33, 76, 903, 4800000, 4829999),
(442, 33, 76, 903, 4690000, 4699999),
(443, 33, 76, 903, 4230000, 4249999),
(444, 33, 76, 903, 4980000, 4999999),
(445, 33, 76, 903, 4770000, 4779999),
(446, 33, 77, 903, 4870000, 4879999),
(447, 33, 69, 903, 500000, 509999),
(448, 33, 69, 903, 3260000, 3269999),
(449, 33, 50, 903, 510000, 519999),
(450, 33, 50, 903, 3250000, 3259999),
(451, 33, 19, 903, 4830000, 4849999),
(452, 33, 52, 903, 3400000, 3449999),
(453, 33, 52, 903, 3130000, 3149999),
(454, 33, 52, 903, 610000, 629999),
(455, 33, 52, 903, 3870000, 3889999),
(456, 33, 52, 903, 3180000, 3199999),
(457, 33, 52, 903, 3050000, 3079999),
(458, 33, 65, 903, 770000, 779999),
(459, 33, 65, 903, 9170000, 9179999),
(460, 33, 21, 903, 4700000, 4749999),
(461, 33, 21, 903, 4300000, 4399999),
(462, 33, 21, 903, 4850000, 4869999),
(463, 33, 21, 903, 4600000, 4649999),
(464, 33, 21, 903, 4000000, 4079999),
(465, 33, 21, 903, 4880000, 4899999),
(466, 33, 22, 903, 6400000, 6419999),
(467, 33, 22, 903, 6930000, 6939999),
(468, 33, 22, 903, 8340000, 8399999),
(469, 33, 60, 903, 3300000, 3359999),
(470, 33, 60, 903, 3000000, 3049999),
(471, 33, 60, 903, 3080000, 3099999),
(472, 33, 34, 903, 920000, 999999),
(473, 33, 41, 903, 4750000, 4759999),
(474, 33, 41, 903, 3280000, 3299999),
(475, 33, 41, 903, 200000, 239999),
(476, 33, 41, 903, 3800000, 3869999),
(477, 33, 41, 903, 450000, 459999),
(478, 33, 54, 903, 780000, 879999),
(479, 33, 42, 903, 8900000, 8949999),
(480, 33, 42, 903, 6490000, 6499999),
(481, 33, 42, 903, 6980000, 6989999),
(482, 33, 39, 903, 4130000, 4199999),
(483, 33, 39, 903, 4400000, 4469999),
(484, 33, 39, 903, 4080000, 4099999),
(485, 33, 24, 903, 6300000, 6319999),
(486, 33, 24, 903, 330000, 349999),
(487, 33, 24, 903, 6940000, 6959999),
(488, 33, 24, 903, 750000, 759999),
(489, 33, 24, 903, 8000000, 8099999),
(490, 33, 66, 903, 9500000, 9559999),
(491, 33, 66, 903, 9130000, 9159999),
(492, 33, 53, 903, 6970000, 6979999),
(493, 33, 53, 903, 4210000, 4219999),
(494, 33, 53, 903, 8400000, 8459999),
(495, 33, 53, 903, 6580000, 6599999),
(496, 33, 53, 903, 350000, 399999),
(497, 33, 25, 903, 3360000, 3399999),
(498, 33, 25, 903, 3200000, 3209999),
(499, 33, 59, 903, 880000, 919999),
(500, 33, 47, 903, 4760000, 4769999),
(501, 33, 47, 903, 3790000, 3799999),
(502, 33, 47, 903, 3450000, 3469999),
(503, 33, 47, 903, 630000, 669999),
(504, 33, 47, 903, 3890000, 3899999),
(505, 33, 47, 903, 3570000, 3599999),
(506, 33, 47, 903, 3220000, 3229999),
(507, 33, 3, 903, 8200000, 8299999),
(508, 33, 3, 903, 6460000, 6469999),
(509, 33, 3, 903, 6900000, 6929999),
(510, 33, 3, 903, 6380000, 6389999),
(511, 46, 43, 904, 7280000, 7284999),
(512, 4, 27, 904, 1100000, 1599999),
(513, 70, 6, 904, 5300000, 5399999),
(514, 70, 6, 904, 800000, 999999),
(515, 47, 8, 904, 7285000, 7289999),
(516, 47, 8, 904, 7700000, 7799999),
(517, 47, 8, 904, 4000000, 4399999),
(518, 47, 8, 904, 7500000, 7599999),
(519, 71, 9, 904, 2100000, 2149999),
(520, 8, 35, 904, 8900000, 8989999),
(521, 8, 35, 904, 8990000, 8999999),
(522, 72, 37, 904, 9600000, 9699999),
(523, 72, 37, 904, 3700000, 3799999),
(524, 72, 37, 904, 9900000, 9999999),
(525, 72, 37, 904, 5700000, 5799999),
(526, 73, 13, 904, 5200000, 5299999),
(527, 74, 14, 904, 6800000, 6999999),
(528, 74, 14, 904, 2180000, 2199999),
(529, 74, 14, 904, 2800000, 2999999),
(530, 49, 15, 904, 7800000, 7999999),
(531, 49, 15, 904, 9000000, 9299999),
(532, 49, 45, 904, 2630000, 2699999),
(533, 49, 45, 904, 8500000, 8559999),
(534, 49, 52, 904, 7600000, 7699999),
(535, 49, 52, 904, 6700000, 6799999),
(536, 49, 52, 904, 6600000, 6699999),
(537, 49, 41, 904, 2400000, 2449999),
(538, 75, 78, 904, 2700000, 2749999),
(539, 75, 78, 904, 1050000, 1099999),
(540, 75, 78, 904, 2000000, 2099999),
(541, 75, 78, 904, 8600000, 8699999),
(542, 75, 78, 904, 2300000, 2399999),
(543, 75, 78, 904, 2200000, 2299999),
(544, 75, 78, 904, 1000000, 1049999),
(545, 52, 45, 904, 7299000, 7299999),
(546, 76, 21, 904, 5000000, 5099999),
(547, 76, 21, 904, 3400000, 3499999),
(548, 76, 21, 904, 4400000, 4499999),
(549, 77, 20, 904, 3100000, 3199999),
(550, 77, 20, 904, 2450000, 2499999),
(551, 77, 20, 904, 8300000, 8399999),
(552, 77, 20, 904, 2750000, 2799999),
(553, 78, 17, 904, 8200000, 8299999),
(554, 78, 17, 904, 3200000, 3299999),
(555, 78, 17, 904, 5800000, 5899999),
(556, 78, 17, 904, 700000, 799999),
(557, 79, 42, 904, 3600000, 3699999),
(558, 55, 25, 904, 1800000, 1999999),
(559, 56, 47, 904, 7290000, 7294999),
(560, 33, 27, 904, 6500000, 6599999),
(561, 33, 27, 904, 3500000, 3599999),
(562, 62, 67, 904, 2500000, 2599999),
(563, 63, 51, 904, 6200000, 6299999),
(564, 80, 79, 904, 5100000, 5199999),
(565, 81, 34, 904, 6000000, 6199999),
(566, 81, 34, 904, 3300000, 3399999),
(567, 81, 34, 904, 6300000, 6499999),
(568, 81, 34, 904, 5500000, 5599999),
(569, 65, 67, 904, 7350000, 7399999),
(570, 65, 49, 904, 7260000, 7279999),
(571, 65, 69, 904, 7240000, 7259999),
(572, 65, 50, 904, 7200000, 7219999),
(573, 65, 52, 904, 7120000, 7179999),
(574, 65, 52, 904, 7180000, 7199999),
(575, 65, 60, 904, 7400000, 7499999),
(576, 65, 60, 904, 7080000, 7119999),
(577, 65, 60, 904, 7300000, 7349999),
(578, 65, 60, 904, 7295000, 7298999),
(579, 65, 41, 904, 7000000, 7079999),
(580, 65, 25, 904, 7220000, 7239999),
(581, 42, 38, 904, 9490000, 9499999),
(582, 42, 68, 904, 8400000, 8499999),
(583, 42, 72, 904, 8870000, 8899999),
(584, 42, 72, 904, 8730000, 8739999),
(585, 42, 72, 904, 4760000, 4769999),
(586, 42, 72, 904, 4610000, 4639999),
(587, 42, 72, 904, 8750000, 8779999),
(588, 42, 72, 904, 4900000, 4999999),
(589, 42, 72, 904, 4730000, 4749999),
(590, 42, 72, 904, 8720000, 8729999),
(591, 42, 40, 904, 8780000, 8839999),
(592, 42, 40, 904, 8846000, 8849999),
(593, 42, 40, 904, 4770000, 4779999),
(594, 42, 40, 904, 4640000, 4649999),
(595, 42, 40, 904, 4780000, 4789999),
(596, 42, 40, 904, 8700000, 8719999),
(597, 42, 40, 904, 4560000, 4569999),
(598, 42, 40, 904, 4653000, 4659999),
(599, 42, 40, 904, 4790000, 4849999),
(600, 42, 40, 904, 8850000, 8859999),
(601, 42, 40, 904, 8860000, 8869999),
(602, 42, 40, 904, 4650000, 4652999),
(603, 42, 40, 904, 8840000, 8844999),
(604, 42, 40, 904, 4670000, 4729999),
(605, 42, 40, 904, 4590000, 4609999),
(606, 42, 40, 904, 4660000, 4669999),
(607, 42, 40, 904, 4860000, 4899999),
(608, 42, 40, 904, 4510000, 4529999),
(609, 42, 40, 904, 4500000, 4509999),
(610, 42, 40, 904, 8845000, 8845999),
(611, 42, 59, 904, 8000000, 8199999),
(612, 42, 59, 904, 9480000, 9489999),
(613, 42, 59, 904, 9300000, 9479999),
(614, 42, 73, 904, 4850000, 4859999),
(615, 42, 73, 904, 4550000, 4559999),
(616, 42, 73, 904, 4570000, 4579999),
(617, 42, 73, 904, 8740000, 8749999),
(618, 42, 73, 904, 4580000, 4589999),
(619, 42, 73, 904, 4750000, 4759999),
(620, 42, 73, 904, 4530000, 4549999),
(621, 66, 54, 904, 9800000, 9899999),
(622, 66, 54, 904, 3800000, 3899999),
(623, 66, 54, 904, 5400000, 5499999),
(624, 66, 54, 904, 1600000, 1799999),
(625, 82, 15, 904, 400000, 699999),
(626, 82, 15, 904, 3900000, 3999999),
(627, 83, 59, 904, 9700000, 9799999),
(628, 83, 59, 904, 3000000, 3099999),
(629, 33, 5, 905, 9240000, 9299999),
(630, 33, 5, 905, 9800000, 9899999),
(631, 33, 5, 905, 800000, 849999),
(632, 33, 64, 905, 2930000, 2939999),
(633, 33, 64, 905, 8730000, 8739999),
(634, 33, 43, 905, 600000, 609999),
(635, 33, 43, 905, 3600000, 3649999),
(636, 33, 43, 905, 4800000, 4819999),
(637, 33, 6, 905, 8780000, 8799999),
(638, 33, 6, 905, 1700000, 1739999),
(639, 33, 6, 905, 6700000, 6799999),
(640, 33, 6, 905, 400000, 409999),
(641, 33, 28, 905, 1740000, 1779999),
(642, 33, 28, 905, 540000, 549999),
(643, 33, 28, 905, 1880000, 1889999),
(644, 33, 28, 905, 1000000, 1049999),
(645, 33, 7, 905, 6100000, 6199999),
(646, 33, 7, 905, 550000, 579999),
(647, 33, 7, 905, 6480000, 6499999),
(648, 33, 7, 905, 1400000, 1499999),
(649, 33, 8, 905, 4330000, 4349999),
(650, 33, 8, 905, 3300000, 3399999),
(651, 33, 8, 905, 4820000, 4839999),
(652, 33, 8, 905, 3900000, 3999999),
(653, 33, 8, 905, 610000, 649999),
(654, 33, 29, 905, 2970000, 2989999),
(655, 33, 29, 905, 2960000, 2969999),
(656, 33, 9, 905, 6440000, 6449999),
(657, 33, 9, 905, 6500000, 6599999),
(658, 33, 9, 905, 490000, 539999),
(659, 33, 1, 905, 1050000, 1099999),
(660, 33, 1, 905, 1550000, 1579999),
(661, 33, 1, 905, 580000, 599999),
(662, 33, 36, 905, 4350000, 4379999),
(663, 33, 62, 905, 2400000, 2499999),
(664, 33, 10, 905, 6400000, 6439999),
(665, 33, 58, 905, 4200000, 4249999),
(666, 33, 37, 905, 9470000, 9499999),
(667, 33, 37, 905, 650000, 799999),
(668, 33, 37, 905, 9600000, 9699999),
(669, 33, 37, 905, 9000000, 9199999),
(670, 33, 37, 905, 9930000, 9959999),
(671, 33, 11, 905, 8700000, 8729999),
(672, 33, 2, 905, 1500000, 1539999),
(673, 33, 12, 905, 4050000, 4089999),
(674, 33, 12, 905, 4940000, 4959999),
(675, 33, 12, 905, 4380000, 4389999),
(676, 33, 12, 905, 4010000, 4049999),
(677, 33, 12, 905, 4700000, 4779999),
(678, 33, 35, 905, 900000, 939999),
(679, 33, 35, 905, 9700000, 9769999),
(680, 33, 35, 905, 9770000, 9799999),
(681, 33, 35, 905, 9960000, 9979999),
(682, 33, 35, 905, 9980000, 9999999),
(683, 33, 35, 905, 860000, 889999),
(684, 33, 38, 905, 8500000, 8549999),
(685, 33, 13, 905, 1580000, 1599999),
(686, 33, 13, 905, 410000, 429999),
(687, 33, 13, 905, 1540000, 1549999),
(688, 33, 14, 905, 430000, 459999),
(689, 33, 14, 905, 6800000, 6899999),
(690, 33, 14, 905, 1780000, 1799999),
(691, 33, 14, 905, 8550000, 8559999),
(692, 33, 61, 905, 5000000, 5999999),
(693, 33, 61, 905, 7000000, 7999999),
(694, 33, 30, 905, 2940000, 2949999),
(695, 33, 15, 905, 1900000, 1969999),
(696, 33, 15, 905, 6600000, 6699999),
(697, 33, 15, 905, 100000, 149999),
(698, 33, 15, 905, 8650000, 8699999),
(699, 33, 31, 905, 2900000, 2929999),
(700, 33, 31, 905, 2390000, 2399999),
(701, 33, 16, 905, 9300000, 9399999),
(702, 33, 16, 905, 9500000, 9599999),
(703, 33, 16, 905, 9450000, 9469999),
(704, 33, 16, 905, 940000, 959999),
(705, 33, 17, 905, 9400000, 9449999),
(706, 33, 17, 905, 960000, 999999),
(707, 33, 17, 905, 9210000, 9239999),
(708, 33, 44, 905, 8400000, 8499999),
(709, 33, 44, 905, 8800000, 8999999),
(710, 33, 44, 905, 8100000, 8199999),
(711, 33, 18, 905, 8560000, 8569999),
(712, 33, 18, 905, 460000, 469999),
(713, 33, 18, 905, 1650000, 1699999),
(714, 33, 45, 905, 3650000, 3679999),
(715, 33, 45, 905, 150000, 169999),
(716, 33, 68, 905, 8600000, 8649999),
(717, 33, 32, 905, 2380000, 2389999),
(718, 33, 32, 905, 2950000, 2959999),
(719, 33, 67, 905, 1800000, 1819999),
(720, 33, 67, 905, 3500000, 3599999),
(721, 33, 67, 905, 0, 79999),
(722, 33, 67, 905, 3070000, 3099999),
(723, 33, 49, 905, 4090000, 4099999),
(724, 33, 49, 905, 4840000, 4849999),
(725, 33, 49, 905, 4000000, 4009999),
(726, 33, 33, 905, 2990000, 2999999),
(727, 33, 33, 905, 2370000, 2379999),
(728, 33, 69, 905, 1820000, 1829999),
(729, 33, 69, 905, 3790000, 3799999),
(730, 33, 69, 905, 80000, 89999),
(731, 33, 50, 905, 3890000, 3899999),
(732, 33, 50, 905, 90000, 99999),
(733, 33, 50, 905, 3780000, 3789999),
(734, 33, 19, 905, 4880000, 4899999),
(735, 33, 52, 905, 380000, 399999),
(736, 33, 52, 905, 3100000, 3199999),
(737, 33, 52, 905, 200000, 269999),
(738, 33, 52, 905, 3700000, 3779999),
(739, 33, 80, 905, 9200000, 9209999),
(740, 33, 20, 905, 8740000, 8779999),
(741, 33, 21, 905, 4250000, 4329999),
(742, 33, 21, 905, 4780000, 4799999),
(743, 33, 21, 905, 4390000, 4399999),
(744, 33, 21, 905, 4850000, 4879999),
(745, 33, 21, 905, 4500000, 4599999),
(746, 33, 22, 905, 6900000, 6949999),
(747, 33, 22, 905, 1850000, 1879999),
(748, 33, 60, 905, 170000, 199999),
(749, 33, 60, 905, 3000000, 3069999),
(750, 33, 34, 905, 2000000, 2369999),
(751, 33, 34, 905, 2500000, 2899999),
(752, 33, 41, 905, 3800000, 3889999),
(753, 33, 41, 905, 3200000, 3299999),
(754, 33, 41, 905, 3680000, 3699999),
(755, 33, 41, 905, 300000, 349999),
(756, 33, 54, 905, 8000000, 8099999),
(757, 33, 54, 905, 8590000, 8599999),
(758, 33, 42, 905, 6950000, 6999999),
(759, 33, 42, 905, 1600000, 1639999),
(760, 33, 39, 905, 4100000, 4199999),
(761, 33, 39, 905, 4900000, 4939999),
(762, 33, 39, 905, 4400000, 4499999),
(763, 33, 39, 905, 4960000, 4999999),
(764, 33, 39, 905, 4600000, 4699999),
(765, 33, 23, 905, 850000, 859999),
(766, 33, 23, 905, 1200000, 1249999),
(767, 33, 23, 905, 470000, 489999),
(768, 33, 24, 905, 1640000, 1649999),
(769, 33, 24, 905, 6000000, 6099999),
(770, 33, 24, 905, 1250000, 1299999),
(771, 33, 66, 905, 890000, 899999),
(772, 33, 66, 905, 9900000, 9929999),
(773, 33, 53, 905, 1100000, 1199999),
(774, 33, 53, 905, 1890000, 1899999),
(775, 33, 53, 905, 6200000, 6299999),
(776, 33, 72, 905, 8200000, 8269999),
(777, 33, 72, 905, 8570000, 8589999),
(778, 33, 25, 905, 350000, 379999),
(779, 33, 25, 905, 1830000, 1849999),
(780, 33, 25, 905, 3480000, 3499999),
(781, 33, 40, 905, 8270000, 8299999),
(782, 33, 59, 905, 8300000, 8399999),
(783, 33, 47, 905, 3400000, 3479999),
(784, 33, 47, 905, 270000, 299999),
(785, 33, 47, 905, 1970000, 1999999),
(786, 33, 3, 905, 6450000, 6479999),
(787, 33, 3, 905, 1300000, 1399999),
(788, 33, 3, 905, 6300000, 6399999),
(789, 33, 5, 906, 1960000, 1969999),
(790, 33, 5, 906, 9400000, 9469999),
(791, 33, 5, 906, 9600000, 9699999),
(792, 33, 64, 906, 2800000, 2859999),
(793, 33, 43, 906, 4550000, 4599999),
(794, 33, 43, 906, 1770000, 1799999),
(795, 33, 6, 906, 5650000, 5679999),
(796, 33, 6, 906, 6000000, 6089999),
(797, 33, 28, 906, 5000000, 5059999),
(798, 33, 28, 906, 6950000, 6999999),
(799, 33, 7, 906, 6100000, 6169999),
(800, 33, 7, 906, 5580000, 5649999),
(801, 33, 8, 906, 4510000, 4519999),
(802, 33, 8, 906, 1650000, 1759999),
(803, 33, 8, 906, 4000000, 4109999),
(804, 33, 29, 906, 2920000, 2999999),
(805, 33, 9, 906, 5800000, 5909999),
(806, 33, 9, 906, 6700000, 6809999),
(807, 33, 1, 906, 5100000, 5159999),
(808, 33, 1, 906, 6170000, 6199999),
(809, 33, 36, 906, 1890000, 1899999),
(810, 33, 36, 906, 4830000, 4859999),
(811, 33, 62, 906, 2300000, 2399999),
(812, 33, 62, 906, 2100000, 2199999),
(813, 33, 10, 906, 6400000, 6459999),
(814, 33, 10, 906, 5060000, 5099999),
(815, 33, 58, 906, 4430000, 4459999),
(816, 33, 37, 906, 9200000, 9389999),
(817, 33, 37, 906, 9750000, 9899999),
(818, 33, 11, 906, 8290000, 8299999),
(819, 33, 2, 906, 6090000, 6099999),
(820, 33, 2, 906, 6660000, 6669999),
(821, 33, 2, 906, 5200000, 5249999),
(822, 33, 12, 906, 1870000, 1879999),
(823, 33, 12, 906, 4310000, 4369999),
(824, 33, 35, 906, 9100000, 9179999),
(825, 33, 35, 906, 9710000, 9749999),
(826, 33, 35, 906, 9000000, 9059999),
(827, 33, 38, 906, 8830000, 8849999),
(828, 33, 38, 906, 8280000, 8289999),
(829, 33, 13, 906, 6890000, 6949999),
(830, 33, 13, 906, 5720000, 5779999),
(831, 33, 14, 906, 6810000, 6889999),
(832, 33, 14, 906, 5910000, 5959999),
(833, 33, 61, 906, 0, 999999),
(834, 33, 61, 906, 7000000, 7999999),
(835, 33, 30, 906, 2860000, 2919999),
(836, 33, 15, 906, 3480000, 3699999),
(837, 33, 15, 906, 5560000, 5579999),
(838, 33, 15, 906, 5780000, 5799999),
(839, 33, 31, 906, 2000000, 2059999),
(840, 33, 16, 906, 9940000, 9969999),
(841, 33, 16, 906, 1930000, 1959999),
(842, 33, 16, 906, 9060000, 9099999),
(843, 33, 17, 906, 9900000, 9939999),
(844, 33, 17, 906, 1970000, 1979999),
(845, 33, 17, 906, 9180000, 9199999),
(846, 33, 44, 906, 8300000, 8499999),
(847, 33, 18, 906, 5680000, 5719999),
(848, 33, 18, 906, 6600000, 6659999),
(849, 33, 45, 906, 1560000, 1599999),
(850, 33, 45, 906, 3950000, 3999999),
(851, 33, 68, 906, 8870000, 8899999),
(852, 33, 68, 906, 8760000, 8789999),
(853, 33, 32, 906, 2200000, 2249999),
(854, 33, 74, 906, 4380000, 4389999),
(855, 33, 75, 906, 9390000, 9399999),
(856, 33, 75, 906, 9700000, 9709999),
(857, 33, 67, 906, 3700000, 3779999),
(858, 33, 67, 906, 1000000, 1099999),
(859, 33, 76, 906, 4460000, 4509999),
(860, 33, 76, 906, 4800000, 4829999),
(861, 33, 77, 906, 4860000, 4889999),
(862, 33, 49, 906, 1760000, 1769999),
(863, 33, 49, 906, 4370000, 4379999),
(864, 33, 33, 906, 2060000, 2099999),
(865, 33, 78, 906, 8790000, 8829999),
(866, 33, 69, 906, 1370000, 1399999),
(867, 33, 69, 906, 3340000, 3369999),
(868, 33, 50, 906, 3780000, 3799999),
(869, 33, 50, 906, 1600000, 1649999),
(870, 33, 19, 906, 4940000, 4959999),
(871, 33, 19, 906, 1880000, 1889999),
(872, 33, 52, 906, 1100000, 1249999),
(873, 33, 52, 906, 3200000, 3339999),
(874, 33, 80, 906, 9970000, 9999999),
(875, 33, 20, 906, 8970000, 8979999),
(876, 33, 20, 906, 8160000, 8199999),
(877, 33, 65, 906, 9520000, 9539999),
(878, 33, 65, 906, 1900000, 1929999),
(879, 33, 21, 906, 4390000, 4399999),
(880, 33, 21, 906, 1800000, 1869999),
(881, 33, 21, 906, 4140000, 4309999),
(882, 33, 21, 906, 4520000, 4549999),
(883, 33, 22, 906, 5400000, 5489999),
(884, 33, 22, 906, 6460000, 6499999),
(885, 33, 60, 906, 3370000, 3479999),
(886, 33, 60, 906, 1250000, 1299999),
(887, 33, 34, 906, 2400000, 2799999),
(888, 33, 34, 906, 2250000, 2299999),
(889, 33, 41, 906, 1480000, 1559999),
(890, 33, 41, 906, 3000000, 3199999),
(891, 33, 54, 906, 8000000, 8159999),
(892, 33, 54, 906, 8550000, 8599999),
(893, 33, 42, 906, 6670000, 6699999),
(894, 33, 42, 906, 5160000, 5199999),
(895, 33, 39, 906, 4600000, 4799999),
(896, 33, 39, 906, 4110000, 4139999),
(897, 33, 39, 906, 4900000, 4939999),
(898, 33, 39, 906, 4890000, 4899999),
(899, 33, 39, 906, 4400000, 4429999),
(900, 33, 39, 906, 4960000, 4999999),
(901, 33, 23, 906, 5960000, 5999999),
(902, 33, 23, 906, 6570000, 6599999),
(903, 33, 24, 906, 6500000, 6569999),
(904, 33, 24, 906, 5490000, 5559999),
(905, 33, 66, 906, 9540000, 9599999),
(906, 33, 66, 906, 1980000, 1999999),
(907, 33, 66, 906, 9470000, 9519999),
(908, 33, 53, 906, 6200000, 6309999),
(909, 33, 53, 906, 5300000, 5399999),
(910, 33, 72, 906, 8200000, 8279999),
(911, 33, 72, 906, 8730000, 8759999),
(912, 33, 25, 906, 3900000, 3949999),
(913, 33, 25, 906, 1400000, 1479999),
(914, 33, 40, 906, 8950000, 8969999),
(915, 33, 59, 906, 8900000, 8949999),
(916, 33, 59, 906, 8500000, 8549999),
(917, 33, 59, 906, 8980000, 8999999),
(918, 33, 59, 906, 8600000, 8729999),
(919, 33, 47, 906, 3800000, 3899999),
(920, 33, 47, 906, 1300000, 1369999),
(921, 33, 73, 906, 8850000, 8869999),
(922, 33, 3, 906, 5250000, 5299999),
(923, 33, 3, 906, 6310000, 6399999),
(924, 46, 43, 908, 6100000, 6299999),
(925, 4, 27, 908, 6400000, 6699999),
(926, 70, 6, 908, 7800000, 7899999),
(927, 71, 9, 908, 1300000, 1499999),
(928, 8, 35, 908, 100000, 269999),
(929, 8, 35, 908, 300000, 349999),
(930, 8, 35, 908, 2000000, 2249999),
(931, 8, 65, 908, 3250000, 3279999),
(932, 72, 37, 908, 9400000, 9599999),
(933, 73, 13, 908, 1200000, 1299999),
(934, 48, 30, 908, 6050000, 6079999),
(935, 49, 15, 908, 7200000, 7699999),
(936, 49, 41, 908, 5500000, 5599999),
(937, 49, 47, 908, 3000000, 3099999),
(938, 50, 31, 908, 2250000, 2269999),
(939, 50, 31, 908, 2910000, 2959999),
(940, 51, 44, 908, 3200000, 3249999),
(941, 75, 78, 908, 3280000, 3299999),
(942, 75, 78, 908, 7150000, 7199999),
(943, 52, 45, 908, 5200000, 5399999),
(944, 76, 21, 908, 5000000, 5199999),
(945, 76, 21, 908, 1700000, 1999999),
(946, 53, 57, 908, 350000, 399999),
(947, 53, 57, 908, 6940000, 6989999),
(948, 53, 57, 908, 270000, 299999),
(949, 78, 17, 908, 3100000, 3199999),
(950, 78, 17, 908, 7900000, 8099999),
(951, 78, 17, 908, 1000000, 1199999),
(952, 79, 42, 908, 2800000, 2899999),
(953, 54, 37, 908, 9300000, 9329999),
(954, 55, 25, 908, 4700000, 4919999),
(955, 56, 47, 908, 8400000, 8519999),
(956, 33, 27, 908, 5400000, 5499999),
(957, 60, 55, 908, 4950000, 4969999),
(958, 61, 56, 908, 6080000, 6084999),
(959, 61, 56, 908, 2270000, 2279999),
(960, 61, 56, 908, 6030000, 6039999),
(961, 63, 51, 908, 9600000, 9999999),
(962, 63, 51, 908, 4400000, 4649999),
(963, 64, 70, 908, 5900000, 5999999),
(964, 65, 1, 908, 5600000, 5699999),
(965, 65, 67, 908, 3500000, 3599999),
(966, 65, 69, 908, 3700000, 3729999),
(967, 65, 50, 908, 3600000, 3639999),
(968, 65, 50, 908, 3650000, 3659999),
(969, 65, 52, 908, 3300000, 3399999),
(970, 65, 52, 908, 3400000, 3439999),
(971, 65, 52, 908, 3460000, 3499999),
(972, 65, 60, 908, 3730000, 3749999),
(973, 65, 60, 908, 3440000, 3459999),
(974, 65, 60, 908, 3800000, 4299999),
(975, 65, 60, 908, 3660000, 3699999),
(976, 65, 41, 908, 4350000, 4379999),
(977, 65, 41, 908, 3770000, 3799999),
(978, 65, 41, 908, 3640000, 3649999),
(979, 65, 41, 908, 4380000, 4399999),
(980, 65, 41, 908, 3750000, 3769999),
(981, 65, 25, 908, 4300000, 4349999),
(982, 42, 38, 908, 8300000, 8399999),
(983, 42, 38, 908, 0, 99999),
(984, 42, 68, 908, 2400000, 2799999),
(985, 42, 72, 908, 8650000, 8799999),
(986, 42, 40, 908, 8900000, 8999999),
(987, 42, 40, 908, 8800000, 8899999),
(988, 42, 59, 908, 8100000, 8299999),
(989, 42, 59, 908, 700000, 999999),
(990, 42, 73, 908, 8540000, 8649999),
(991, 42, 73, 908, 4970000, 4999999),
(992, 42, 73, 908, 8520000, 8539999),
(993, 66, 54, 908, 6300000, 6399999),
(994, 66, 54, 908, 9000000, 9299999),
(995, 82, 15, 908, 2300000, 2399999),
(996, 82, 15, 908, 1500000, 1699999),
(997, 67, 12, 908, 6700000, 6939999),
(998, 68, 62, 908, 2900000, 2909999),
(999, 83, 59, 908, 400000, 699999),
(1000, 83, 59, 908, 5700000, 5899999),
(1001, 33, 5, 909, 5000000, 5079999),
(1002, 33, 4, 909, 8930000, 8959999),
(1003, 33, 4, 909, 8100000, 8199999),
(1004, 33, 4, 909, 8830000, 8859999),
(1005, 33, 64, 909, 5500000, 5569999),
(1006, 33, 43, 909, 3720000, 3769999),
(1007, 33, 6, 909, 2000000, 2099999),
(1008, 33, 28, 909, 2400000, 2459999),
(1009, 33, 7, 909, 2720000, 2759999),
(1010, 33, 8, 909, 3770000, 3949999),
(1011, 33, 29, 909, 5940000, 5999999),
(1012, 33, 9, 909, 2100000, 2179999),
(1013, 33, 1, 909, 2460000, 2499999),
(1014, 33, 36, 909, 4870000, 4929999),
(1015, 33, 62, 909, 7750000, 7999999),
(1016, 33, 10, 909, 2500000, 2529999),
(1017, 33, 55, 909, 8800000, 8829999),
(1018, 33, 55, 909, 8900000, 8929999),
(1019, 33, 55, 909, 8300000, 8399999),
(1020, 33, 58, 909, 4930000, 4999999),
(1021, 33, 37, 909, 5090000, 5229999),
(1022, 33, 11, 909, 1300000, 1449999),
(1023, 33, 11, 909, 7160000, 7219999),
(1024, 33, 2, 909, 2530000, 2569999),
(1025, 33, 12, 909, 4430000, 4689999),
(1026, 33, 35, 909, 5230000, 5239999),
(1027, 33, 38, 909, 1450000, 1499999),
(1028, 33, 38, 909, 1700000, 1799999),
(1029, 33, 38, 909, 7220000, 7259999),
(1030, 33, 13, 909, 2360000, 2399999),
(1031, 33, 14, 909, 2180000, 2249999),
(1032, 33, 61, 909, 9000000, 9999999),
(1033, 33, 61, 909, 1500000, 1699999),
(1034, 33, 61, 909, 6200000, 6999999),
(1035, 33, 30, 909, 5570000, 5649999),
(1036, 33, 15, 909, 2820000, 2999999),
(1037, 33, 31, 909, 5650000, 5669999),
(1038, 33, 16, 909, 5290000, 5349999),
(1039, 33, 17, 909, 5350000, 5379999),
(1040, 33, 44, 909, 6000000, 6199999),
(1041, 33, 44, 909, 7070000, 7079999),
(1042, 33, 18, 909, 2250000, 2309999),
(1043, 33, 45, 909, 3150000, 3229999),
(1044, 33, 68, 909, 1000000, 1199999),
(1045, 33, 68, 909, 7260000, 7339999),
(1046, 33, 32, 909, 5730000, 5769999),
(1047, 33, 74, 909, 4690000, 4719999),
(1048, 33, 75, 909, 5080000, 5089999),
(1049, 33, 67, 909, 3450000, 3539999),
(1050, 33, 76, 909, 4780000, 4869999),
(1051, 33, 49, 909, 3950000, 3999999),
(1052, 33, 33, 909, 5670000, 5729999),
(1053, 33, 78, 909, 1200000, 1299999),
(1054, 33, 69, 909, 3660000, 3699999),
(1055, 33, 50, 909, 3240000, 3289999),
(1056, 33, 19, 909, 4720000, 4779999),
(1057, 33, 52, 909, 3060000, 3149999),
(1058, 33, 80, 909, 5280000, 5289999),
(1059, 33, 20, 909, 500000, 679999),
(1060, 33, 20, 909, 7130000, 7159999),
(1061, 33, 65, 909, 5240000, 5279999),
(1062, 33, 21, 909, 4000000, 4429999),
(1063, 33, 60, 909, 3230000, 3239999),
(1064, 33, 60, 909, 3620000, 3659999),
(1065, 33, 60, 909, 3290000, 3299999),
(1066, 33, 60, 909, 3700000, 3719999),
(1067, 33, 60, 909, 3420000, 3449999),
(1068, 33, 34, 909, 5770000, 5939999),
(1069, 33, 41, 909, 3300000, 3419999),
(1070, 33, 54, 909, 7000000, 7069999),
(1071, 33, 54, 909, 0, 319999),
(1072, 33, 42, 909, 2570000, 2599999),
(1073, 33, 39, 909, 7500000, 7749999),
(1074, 33, 23, 909, 2310000, 2359999),
(1075, 33, 24, 909, 2650000, 2719999),
(1076, 33, 66, 909, 5380000, 5499999),
(1077, 33, 53, 909, 2600000, 2649999),
(1078, 33, 72, 909, 1800000, 1949999),
(1079, 33, 72, 909, 7340000, 7429999),
(1080, 33, 25, 909, 3540000, 3619999),
(1081, 33, 26, 909, 8400000, 8799999),
(1082, 33, 26, 909, 8000000, 8099999),
(1083, 33, 26, 909, 8860000, 8899999),
(1084, 33, 26, 909, 8200000, 8299999),
(1085, 33, 26, 909, 8960000, 8999999),
(1086, 33, 40, 909, 320000, 499999),
(1087, 33, 40, 909, 7080000, 7129999),
(1088, 33, 59, 909, 7430000, 7499999),
(1089, 33, 59, 909, 680000, 999999),
(1090, 33, 47, 909, 3000000, 3059999),
(1091, 33, 73, 909, 1950000, 1999999),
(1092, 33, 3, 909, 2760000, 2819999),
(1093, 62, 6, 910, 7410000, 7419999),
(1094, 62, 6, 910, 3600000, 3699999),
(1095, 62, 6, 910, 3200000, 3299999),
(1096, 62, 6, 910, 7450000, 7459999),
(1097, 62, 6, 910, 2200000, 2299999),
(1098, 62, 6, 910, 7360000, 7379999),
(1099, 62, 28, 910, 7430000, 7439999),
(1100, 62, 28, 910, 2300000, 2399999),
(1101, 62, 28, 910, 7330000, 7359999),
(1102, 62, 28, 910, 2900000, 2999999),
(1103, 62, 28, 910, 3300000, 3399999),
(1104, 62, 7, 910, 900000, 999999),
(1105, 62, 7, 910, 7700000, 7799999),
(1106, 62, 7, 910, 1700000, 1899999),
(1107, 62, 7, 910, 6700000, 6799999),
(1108, 62, 9, 910, 7460000, 7469999),
(1109, 62, 9, 910, 7320000, 7329999),
(1110, 62, 9, 910, 3400000, 3499999),
(1111, 62, 9, 910, 2400000, 2499999),
(1112, 62, 9, 910, 7380000, 7389999),
(1113, 62, 9, 910, 7440000, 7449999),
(1114, 62, 9, 910, 2800000, 2899999),
(1115, 62, 9, 910, 7490000, 7499999),
(1116, 62, 1, 910, 6800000, 6999999),
(1117, 62, 1, 910, 9800000, 9999999),
(1118, 62, 1, 910, 6670000, 6699999),
(1119, 62, 10, 910, 5400000, 5499999),
(1120, 62, 10, 910, 8600000, 8699999),
(1121, 62, 10, 910, 5900000, 6099999),
(1122, 62, 10, 910, 5100000, 5299999),
(1123, 62, 10, 910, 9100000, 9199999),
(1124, 62, 10, 910, 7050000, 7099999),
(1125, 62, 2, 910, 9200000, 9299999),
(1126, 62, 2, 910, 6600000, 6619999),
(1127, 62, 2, 910, 1900000, 1999999),
(1128, 62, 2, 910, 9500000, 9599999),
(1129, 62, 2, 910, 8000000, 8099999),
(1130, 62, 2, 910, 3700000, 3799999),
(1131, 62, 13, 910, 7300000, 7319999),
(1132, 62, 13, 910, 2700000, 2799999),
(1133, 62, 13, 910, 7400000, 7409999),
(1134, 62, 13, 910, 3100000, 3199999),
(1135, 62, 13, 910, 2100000, 2199999),
(1136, 62, 14, 910, 7420000, 7429999),
(1137, 62, 14, 910, 3500000, 3599999),
(1138, 62, 14, 910, 7390000, 7399999),
(1139, 62, 14, 910, 2500000, 2599999),
(1140, 62, 61, 910, 600000, 899999),
(1141, 62, 61, 910, 4000000, 4999999),
(1142, 62, 61, 910, 0, 59999),
(1143, 62, 61, 910, 80000, 569999),
(1144, 62, 15, 910, 7900000, 7999999),
(1145, 62, 15, 910, 1200000, 1499999),
(1146, 62, 15, 910, 570000, 599999),
(1147, 62, 15, 910, 8700000, 8999999),
(1148, 62, 15, 910, 3800000, 3999999),
(1149, 62, 15, 910, 1000000, 1099999),
(1150, 62, 15, 910, 60000, 79999),
(1151, 62, 18, 910, 2000000, 2099999),
(1152, 62, 18, 910, 7470000, 7489999),
(1153, 62, 18, 910, 2600000, 2699999),
(1154, 62, 18, 910, 3000000, 3099999),
(1155, 62, 22, 910, 5000000, 5099999),
(1156, 62, 22, 910, 6410000, 6459999),
(1157, 62, 22, 910, 5600000, 5799999),
(1158, 62, 22, 910, 9000000, 9099999),
(1159, 62, 22, 910, 6100000, 6399999),
(1160, 62, 42, 910, 1100000, 1199999),
(1161, 62, 42, 910, 7800000, 7899999),
(1162, 62, 42, 910, 7100000, 7299999),
(1163, 62, 42, 910, 7600000, 7699999),
(1164, 62, 23, 910, 8500000, 8599999),
(1165, 62, 23, 910, 6500000, 6599999),
(1166, 62, 23, 910, 7500000, 7599999),
(1167, 62, 24, 910, 8300000, 8499999),
(1168, 62, 24, 910, 6400000, 6409999),
(1169, 62, 24, 910, 9300000, 9399999),
(1170, 62, 24, 910, 6460000, 6499999),
(1171, 62, 24, 910, 5300000, 5399999),
(1172, 62, 53, 910, 7000000, 7049999),
(1173, 62, 53, 910, 5500000, 5599999),
(1174, 62, 53, 910, 9400000, 9499999),
(1175, 62, 53, 910, 5800000, 5899999),
(1176, 62, 53, 910, 1500000, 1699999),
(1177, 62, 3, 910, 8100000, 8299999),
(1178, 62, 3, 910, 9600000, 9799999),
(1179, 62, 3, 910, 6620000, 6669999),
(1180, 62, 64, 911, 6550000, 6599999),
(1181, 62, 64, 911, 550000, 599999),
(1182, 62, 64, 911, 6700000, 6899999),
(1183, 62, 64, 911, 5500000, 5999999),
(1184, 62, 64, 911, 8700000, 8799999),
(1185, 62, 29, 911, 5000000, 5399999),
(1186, 62, 29, 911, 5400000, 5499999),
(1187, 62, 29, 911, 450000, 499999),
(1188, 62, 29, 911, 4400000, 4499999),
(1189, 62, 62, 911, 700000, 749999),
(1190, 62, 62, 911, 4500000, 4999999),
(1191, 62, 62, 911, 8500000, 8699999),
(1192, 62, 30, 911, 8000000, 8099999),
(1193, 62, 30, 911, 600000, 649999),
(1194, 62, 30, 911, 3000000, 3499999),
(1195, 62, 81, 911, 650000, 699999),
(1196, 62, 81, 911, 6500000, 6549999),
(1197, 62, 31, 911, 6000000, 6499999),
(1198, 62, 31, 911, 400000, 449999),
(1199, 62, 32, 911, 8800000, 8999999),
(1200, 62, 32, 911, 3500000, 3999999),
(1201, 62, 32, 911, 6900000, 6999999),
(1202, 62, 32, 911, 750000, 799999),
(1203, 62, 33, 911, 500000, 549999),
(1204, 62, 33, 911, 4000000, 4399999),
(1205, 62, 33, 911, 6600000, 6699999),
(1206, 62, 34, 911, 8100000, 8499999),
(1207, 62, 34, 911, 800000, 2999999),
(1208, 62, 34, 911, 9000000, 9999999),
(1209, 62, 34, 911, 7000000, 7999999),
(1210, 62, 34, 911, 0, 399999),
(1211, 62, 11, 912, 7000000, 7399999),
(1212, 62, 11, 912, 3300000, 3399999),
(1213, 62, 11, 912, 80000, 99999),
(1214, 62, 11, 912, 8200000, 8299999),
(1215, 62, 11, 912, 3600000, 3799999),
(1216, 62, 11, 912, 560000, 589999),
(1217, 62, 38, 912, 8300000, 8399999),
(1218, 62, 38, 912, 5200000, 5299999),
(1219, 62, 38, 912, 9700000, 9799999),
(1220, 62, 38, 912, 5700000, 5799999),
(1221, 62, 38, 912, 620000, 649999),
(1222, 62, 44, 912, 650000, 652999),
(1223, 62, 44, 912, 3400000, 3599999),
(1224, 62, 44, 912, 8400000, 8499999),
(1225, 62, 68, 912, 7800000, 7899999),
(1226, 62, 68, 912, 4800000, 4999999),
(1227, 62, 68, 912, 590000, 619999),
(1228, 62, 68, 912, 8800000, 8899999),
(1229, 62, 68, 912, 5800000, 5999999),
(1230, 62, 68, 912, 680000, 709999),
(1231, 62, 68, 912, 9800000, 9899999),
(1232, 62, 78, 912, 5400000, 5699999),
(1233, 62, 78, 912, 940000, 959999),
(1234, 62, 78, 912, 1000000, 1999999),
(1235, 62, 78, 912, 0, 9999),
(1236, 62, 78, 912, 8600000, 8699999),
(1237, 62, 78, 912, 5000000, 5099999),
(1238, 62, 78, 912, 740000, 749999),
(1239, 62, 78, 912, 9400000, 9699999),
(1240, 62, 20, 912, 7400000, 7699999),
(1241, 62, 20, 912, 200000, 299999),
(1242, 62, 20, 912, 8500000, 8599999),
(1243, 62, 20, 912, 4400000, 4699999),
(1244, 62, 20, 912, 530000, 559999),
(1245, 62, 20, 912, 8700000, 8799999),
(1246, 62, 54, 912, 6000000, 6999999),
(1247, 62, 54, 912, 960000, 999999),
(1248, 62, 54, 912, 653000, 659999),
(1249, 62, 54, 912, 750000, 769999),
(1250, 62, 54, 912, 10000, 79999),
(1251, 62, 54, 912, 450000, 529999),
(1252, 62, 54, 912, 2000000, 2999999),
(1253, 62, 54, 912, 900000, 929999),
(1254, 62, 54, 912, 100000, 199999),
(1255, 62, 54, 912, 300000, 449999),
(1256, 62, 72, 912, 9900000, 9999999),
(1257, 62, 72, 912, 3800000, 3999999),
(1258, 62, 72, 912, 770000, 799999),
(1259, 62, 72, 912, 9200000, 9299999),
(1260, 62, 40, 912, 9000000, 9099999),
(1261, 62, 40, 912, 930000, 939999),
(1262, 62, 40, 912, 5300000, 5399999),
(1263, 62, 40, 912, 800000, 809999),
(1264, 62, 40, 912, 4100000, 4199999),
(1265, 62, 40, 912, 9300000, 9399999),
(1266, 62, 40, 912, 8100000, 8199999),
(1267, 62, 40, 912, 860000, 869999),
(1268, 62, 40, 912, 5100000, 5199999),
(1269, 62, 40, 912, 870000, 899999),
(1270, 62, 59, 912, 7900000, 8099999),
(1271, 62, 59, 912, 4700000, 4799999),
(1272, 62, 59, 912, 3000000, 3299999),
(1273, 62, 59, 912, 8900000, 8999999),
(1274, 62, 59, 912, 7700000, 7799999),
(1275, 62, 59, 912, 4000000, 4099999),
(1276, 62, 59, 912, 810000, 829999),
(1277, 62, 59, 912, 830000, 859999),
(1278, 62, 73, 912, 710000, 739999),
(1279, 62, 73, 912, 4200000, 4399999),
(1280, 62, 73, 912, 9100000, 9199999),
(1281, 62, 5, 913, 2100000, 2699999),
(1282, 62, 5, 913, 3600000, 3699999),
(1283, 62, 5, 913, 800000, 999999),
(1284, 62, 5, 913, 200000, 299999),
(1285, 62, 5, 913, 2700000, 2799999),
(1286, 62, 37, 913, 1200000, 1299999),
(1287, 62, 37, 913, 2800000, 3099999),
(1288, 62, 37, 913, 1300000, 1399999),
(1289, 62, 37, 913, 700000, 799999),
(1290, 62, 37, 913, 4300000, 4399999),
(1291, 62, 37, 913, 3100000, 3399999),
(1292, 62, 37, 913, 4000000, 4099999),
(1293, 62, 37, 913, 4100000, 4299999),
(1294, 62, 35, 913, 5500000, 5999999),
(1295, 62, 35, 913, 1600000, 1699999),
(1296, 62, 35, 913, 1700000, 1999999),
(1297, 62, 35, 913, 8300000, 8399999),
(1298, 62, 35, 913, 300000, 499999),
(1299, 62, 35, 913, 4900000, 5399999),
(1300, 62, 16, 913, 8900000, 9599999),
(1301, 62, 16, 913, 4500000, 4899999),
(1302, 62, 16, 913, 3700000, 3999999),
(1303, 62, 16, 913, 0, 199999),
(1304, 62, 16, 913, 9800000, 9879999),
(1305, 62, 16, 913, 600000, 699999),
(1306, 62, 16, 913, 7000000, 7999999),
(1307, 62, 16, 913, 2000000, 2099999),
(1308, 62, 16, 913, 9890000, 9899999),
(1309, 62, 17, 913, 9880000, 9889999),
(1310, 62, 17, 913, 6000000, 6899999),
(1311, 62, 17, 913, 9600000, 9799999),
(1312, 62, 17, 913, 1400000, 1599999),
(1313, 62, 75, 913, 9900000, 9999999),
(1314, 62, 75, 913, 6900000, 6999999),
(1315, 62, 80, 913, 3400000, 3499999),
(1316, 62, 80, 913, 3500000, 3599999),
(1317, 62, 65, 913, 4400000, 4499999),
(1318, 62, 65, 913, 5400000, 5499999),
(1319, 62, 65, 913, 500000, 599999),
(1320, 62, 66, 913, 8000000, 8299999),
(1321, 62, 66, 913, 1000000, 1199999),
(1322, 62, 66, 913, 8400000, 8899999),
(1323, 84, 46, 914, 4500000, 4599999),
(1324, 84, 46, 914, 4300000, 4499999),
(1325, 84, 46, 914, 5200000, 5299999),
(1326, 84, 46, 914, 4600000, 5199999),
(1327, 84, 46, 914, 1200000, 1499999),
(1328, 84, 46, 914, 8000000, 8099999),
(1329, 62, 4, 914, 3800000, 3999999),
(1330, 62, 4, 914, 5380000, 5389999),
(1331, 62, 4, 914, 400000, 499999),
(1332, 62, 4, 914, 5500000, 6199999),
(1333, 62, 4, 914, 600000, 649999),
(1334, 62, 48, 914, 8100000, 8199999),
(1335, 62, 27, 914, 0, 149999),
(1336, 62, 27, 914, 8700000, 9599999),
(1337, 62, 55, 914, 7800000, 7899999),
(1338, 62, 55, 914, 200000, 299999),
(1339, 62, 55, 914, 6200000, 6299999),
(1340, 62, 56, 914, 8500000, 8699999),
(1341, 62, 56, 914, 300000, 399999),
(1342, 62, 51, 914, 7900000, 7999999),
(1343, 62, 51, 914, 650000, 799999),
(1344, 62, 51, 914, 9600000, 9799999),
(1345, 62, 51, 914, 6500000, 7399999),
(1346, 62, 70, 914, 500000, 599999),
(1347, 62, 70, 914, 8300000, 8499999),
(1348, 62, 70, 914, 9800000, 9899999),
(1349, 62, 70, 914, 6300000, 6399999),
(1350, 62, 63, 914, 1000000, 1199999),
(1351, 62, 63, 914, 2200000, 2999999),
(1352, 62, 57, 914, 830000, 999999),
(1353, 62, 57, 914, 6400000, 6499999),
(1354, 62, 57, 914, 7400000, 7699999),
(1355, 62, 26, 914, 3100000, 3199999),
(1356, 62, 26, 914, 7700000, 7799999),
(1357, 62, 26, 914, 1500000, 2199999),
(1358, 62, 26, 914, 4200000, 4299999),
(1359, 62, 26, 914, 4000000, 4199999),
(1360, 62, 26, 914, 5400000, 5499999),
(1361, 62, 82, 914, 800000, 829999),
(1362, 62, 6, 915, 5200000, 5299999),
(1363, 62, 6, 915, 5600000, 5799999),
(1364, 62, 28, 915, 8000000, 8099999),
(1365, 62, 28, 915, 5300000, 5399999),
(1366, 62, 7, 915, 7900000, 7999999),
(1367, 62, 7, 915, 7500000, 7799999),
(1368, 62, 9, 915, 5400000, 5499999),
(1369, 62, 9, 915, 5800000, 5899999),
(1370, 62, 1, 915, 8100000, 8499999),
(1371, 62, 10, 915, 8900000, 8999999),
(1372, 62, 2, 915, 9000000, 9299999),
(1373, 62, 13, 915, 5100000, 5199999),
(1374, 62, 14, 915, 5500000, 5599999),
(1375, 62, 14, 915, 8500000, 8599999),
(1376, 62, 61, 915, 0, 4999999),
(1377, 62, 15, 915, 9300000, 9599999),
(1378, 62, 18, 915, 5000000, 5099999),
(1379, 62, 22, 915, 5900000, 6299999),
(1380, 62, 42, 915, 6300000, 6599999),
(1381, 62, 23, 915, 8600000, 8899999),
(1382, 62, 23, 915, 6600000, 6799999),
(1383, 62, 24, 915, 7000000, 7499999),
(1384, 62, 53, 915, 7800000, 7899999),
(1385, 62, 53, 915, 6800000, 6999999),
(1386, 62, 3, 915, 9600000, 9999999),
(1387, 62, 61, 916, 0, 9999999),
(1388, 62, 43, 917, 1700000, 1999999),
(1389, 62, 43, 917, 0, 29999),
(1390, 62, 43, 917, 800000, 999999),
(1391, 62, 8, 917, 7200000, 7299999),
(1392, 62, 8, 917, 3300000, 3399999),
(1393, 62, 8, 917, 8300000, 8499999),
(1394, 62, 8, 917, 6400000, 6499999),
(1395, 62, 61, 917, 5000000, 5999999),
(1396, 62, 67, 917, 7300000, 8099999),
(1397, 62, 67, 917, 3400000, 3899999);
INSERT INTO `ranges` (`id`, `network_id`, `region_id`, `code`, `range_start`, `range_end`) VALUES
(1398, 62, 67, 917, 400000, 499999),
(1399, 62, 67, 917, 4000000, 4999999),
(1400, 62, 49, 917, 6800000, 6899999),
(1401, 62, 69, 917, 7000000, 7199999),
(1402, 62, 69, 917, 700000, 719999),
(1403, 62, 50, 917, 680000, 699999),
(1404, 62, 50, 917, 6900000, 6999999),
(1405, 62, 50, 917, 720000, 769999),
(1406, 62, 50, 917, 9900000, 9999999),
(1407, 62, 52, 917, 8500000, 9399999),
(1408, 62, 52, 917, 2200000, 2999999),
(1409, 62, 52, 917, 3900000, 3999999),
(1410, 62, 60, 917, 300000, 399999),
(1411, 62, 60, 917, 1400000, 1699999),
(1412, 62, 60, 917, 9400000, 9599999),
(1413, 62, 60, 917, 9600000, 9799999),
(1414, 62, 60, 917, 30000, 99999),
(1415, 62, 60, 917, 100000, 199999),
(1416, 62, 60, 917, 1000000, 1199999),
(1417, 62, 60, 917, 8200000, 8299999),
(1418, 62, 60, 917, 8100000, 8199999),
(1419, 62, 60, 917, 1200000, 1399999),
(1420, 62, 41, 917, 200000, 299999),
(1421, 62, 41, 917, 3000000, 3299999),
(1422, 62, 41, 917, 9800000, 9899999),
(1423, 62, 41, 917, 2000000, 2199999),
(1424, 62, 25, 917, 500000, 639999),
(1425, 62, 25, 917, 6000000, 6399999),
(1426, 62, 47, 917, 6500000, 6799999),
(1427, 62, 47, 917, 640000, 679999),
(1428, 62, 47, 917, 770000, 799999),
(1429, 62, 36, 918, 7200000, 7299999),
(1430, 62, 58, 918, 7100000, 7199999),
(1431, 62, 12, 918, 9000000, 9199999),
(1432, 62, 12, 918, 3100000, 3999999),
(1433, 62, 12, 918, 4300000, 4999999),
(1434, 62, 12, 918, 4000000, 4099999),
(1435, 62, 12, 918, 6200000, 6999999),
(1436, 62, 12, 918, 1300000, 1999999),
(1437, 62, 12, 918, 2000000, 2099999),
(1438, 62, 12, 918, 2100000, 2199999),
(1439, 62, 12, 918, 6000000, 6199999),
(1440, 62, 12, 918, 4100000, 4199999),
(1441, 62, 12, 918, 9300000, 9999999),
(1442, 62, 12, 918, 0, 99999),
(1443, 62, 12, 918, 2300000, 2999999),
(1444, 62, 12, 918, 1100000, 1199999),
(1445, 62, 12, 918, 3000000, 3099999),
(1446, 62, 12, 918, 1200000, 1299999),
(1447, 62, 12, 918, 1000000, 1099999),
(1448, 62, 12, 918, 100000, 999999),
(1449, 62, 74, 918, 4200000, 4299999),
(1450, 62, 74, 918, 9200000, 9299999),
(1451, 62, 74, 918, 2200000, 2299999),
(1452, 62, 77, 918, 8100000, 8199999),
(1453, 62, 19, 918, 7000000, 7099999),
(1454, 62, 19, 918, 8200000, 8399999),
(1455, 62, 21, 918, 5000000, 5999999),
(1456, 62, 21, 918, 8500000, 8599999),
(1457, 62, 21, 918, 8900000, 8999999),
(1458, 62, 39, 918, 8600000, 8899999),
(1459, 62, 39, 918, 7800000, 8099999),
(1460, 62, 39, 918, 7400000, 7799999),
(1461, 85, 76, 918, 7300000, 7399999),
(1462, 85, 76, 918, 8400000, 8499999),
(1463, 62, 6, 919, 2800000, 2899999),
(1464, 62, 6, 919, 2200000, 2299999),
(1465, 62, 6, 919, 4300000, 4399999),
(1466, 62, 28, 919, 1900000, 1999999),
(1467, 62, 28, 919, 2900000, 2999999),
(1468, 62, 7, 919, 0, 299999),
(1469, 62, 8, 919, 7900000, 7999999),
(1470, 62, 8, 919, 9800000, 9899999),
(1471, 62, 8, 919, 5400000, 5499999),
(1472, 62, 9, 919, 2300000, 2499999),
(1473, 62, 9, 919, 1800000, 1899999),
(1474, 62, 10, 919, 300000, 399999),
(1475, 62, 11, 919, 5000000, 5299999),
(1476, 62, 38, 919, 5600000, 5999999),
(1477, 62, 13, 919, 2100000, 2199999),
(1478, 62, 13, 919, 2700000, 2799999),
(1479, 62, 13, 919, 1700000, 1799999),
(1480, 62, 14, 919, 1600000, 1699999),
(1481, 62, 14, 919, 2500000, 2599999),
(1482, 62, 61, 919, 9600000, 9709999),
(1483, 62, 61, 919, 1000000, 1099999),
(1484, 62, 61, 919, 7840000, 7849999),
(1485, 62, 61, 919, 7200000, 7299999),
(1486, 62, 61, 919, 9900000, 9999999),
(1487, 62, 61, 919, 1390000, 1399999),
(1488, 62, 61, 919, 7860000, 7869999),
(1489, 62, 61, 919, 7600000, 7799999),
(1490, 62, 61, 919, 4100000, 4119999),
(1491, 62, 44, 919, 8400000, 8699999),
(1492, 62, 18, 919, 2000000, 2099999),
(1493, 62, 18, 919, 900000, 999999),
(1494, 62, 18, 919, 2600000, 2699999),
(1495, 62, 68, 919, 7000000, 7199999),
(1496, 62, 68, 919, 4400000, 4999999),
(1497, 62, 67, 919, 1400000, 1599999),
(1498, 62, 67, 919, 6000000, 6199999),
(1499, 62, 19, 919, 4200000, 4299999),
(1500, 62, 52, 919, 6200000, 6499999),
(1501, 62, 52, 919, 6800000, 6999999),
(1502, 62, 20, 919, 9000000, 9199999),
(1503, 62, 21, 919, 8700000, 8999999),
(1504, 62, 60, 919, 8100000, 8199999),
(1505, 62, 60, 919, 8000000, 8099999),
(1506, 62, 41, 919, 8200000, 8399999),
(1507, 62, 54, 919, 3600000, 3999999),
(1508, 62, 42, 919, 400000, 499999),
(1509, 62, 39, 919, 7500000, 7599999),
(1510, 62, 39, 919, 7300000, 7499999),
(1511, 62, 24, 919, 500000, 699999),
(1512, 62, 53, 919, 700000, 899999),
(1513, 62, 72, 919, 9200000, 9599999),
(1514, 62, 40, 919, 5300000, 5399999),
(1515, 62, 59, 919, 4000000, 4099999),
(1516, 62, 59, 919, 1100000, 1299999),
(1517, 62, 59, 919, 3000000, 3599999),
(1518, 62, 47, 919, 6500000, 6799999),
(1519, 62, 73, 919, 5500000, 5599999),
(1520, 86, 6, 920, 2000000, 2099999),
(1521, 86, 6, 920, 5500000, 5999999),
(1522, 86, 28, 920, 6000000, 6099999),
(1523, 86, 28, 920, 8300000, 8699999),
(1524, 86, 7, 920, 9000000, 9499999),
(1525, 86, 7, 920, 6200000, 6299999),
(1526, 86, 10, 920, 6100000, 6199999),
(1527, 86, 10, 920, 8700000, 8999999),
(1528, 86, 10, 920, 900000, 999999),
(1529, 86, 13, 920, 2600000, 2699999),
(1530, 86, 13, 920, 7000000, 7399999),
(1531, 86, 15, 920, 2900000, 2999999),
(1532, 86, 15, 920, 1110000, 1119999),
(1533, 86, 15, 920, 0, 799999),
(1534, 86, 15, 920, 2500000, 2599999),
(1535, 86, 18, 920, 2800000, 2899999),
(1536, 86, 18, 920, 8000000, 8299999),
(1537, 86, 18, 920, 800000, 899999),
(1538, 86, 22, 920, 6300000, 6399999),
(1539, 86, 22, 920, 9500000, 9899999),
(1540, 86, 22, 920, 9900000, 9999999),
(1541, 86, 53, 920, 2700000, 2799999),
(1542, 86, 53, 920, 7400000, 7999999),
(1543, 87, 1, 920, 3400000, 3799999),
(1544, 87, 1, 920, 6700000, 6799999),
(1545, 87, 2, 920, 6400000, 6499999),
(1546, 87, 2, 920, 3800000, 3999999),
(1547, 87, 42, 920, 6600000, 6699999),
(1548, 87, 42, 920, 3000000, 3399999),
(1549, 87, 24, 920, 1500000, 1999999),
(1550, 87, 24, 920, 6800000, 6999999),
(1551, 87, 3, 920, 1120000, 1499999),
(1552, 87, 3, 920, 6500000, 6599999),
(1553, 87, 3, 920, 1000000, 1109999),
(1554, 88, 9, 920, 2100000, 2299999),
(1555, 88, 9, 920, 4000000, 4699999),
(1556, 88, 14, 920, 5000000, 5499999),
(1557, 88, 14, 920, 2400000, 2499999),
(1558, 88, 23, 920, 2300000, 2399999),
(1559, 88, 23, 920, 4700000, 4999999),
(1560, 89, 64, 921, 6000000, 6009999),
(1561, 89, 64, 921, 2900000, 2999999),
(1562, 89, 64, 921, 700000, 899999),
(1563, 89, 64, 921, 8100000, 8199999),
(1564, 89, 64, 921, 6700000, 6799999),
(1565, 89, 64, 921, 4700000, 4999999),
(1566, 89, 64, 921, 2400000, 2499999),
(1567, 89, 64, 921, 7190000, 7219999),
(1568, 89, 29, 921, 7320000, 7329999),
(1569, 89, 29, 921, 5300000, 5399999),
(1570, 89, 29, 921, 5400000, 5499999),
(1571, 89, 29, 921, 7170000, 7189999),
(1572, 89, 29, 921, 7220000, 7229999),
(1573, 89, 29, 921, 1400000, 1449999),
(1574, 89, 29, 921, 1450000, 1499999),
(1575, 89, 29, 921, 6800000, 6849999),
(1576, 89, 29, 921, 600000, 699999),
(1577, 89, 29, 921, 7330000, 7339999),
(1578, 89, 29, 921, 8200000, 8399999),
(1579, 89, 29, 921, 6020000, 6029999),
(1580, 89, 29, 921, 7230000, 7239999),
(1581, 89, 29, 921, 2300000, 2399999),
(1582, 89, 29, 921, 2500000, 2599999),
(1583, 89, 29, 921, 500000, 599999),
(1584, 89, 29, 921, 7130000, 7169999),
(1585, 89, 29, 921, 1200000, 1299999),
(1586, 89, 29, 921, 1300000, 1399999),
(1587, 89, 29, 921, 6010000, 6019999),
(1588, 89, 29, 921, 6850000, 6899999),
(1589, 89, 62, 921, 1000000, 1099999),
(1590, 89, 62, 921, 7100000, 7129999),
(1591, 89, 62, 921, 8500000, 8549999),
(1592, 89, 62, 921, 6080000, 6089999),
(1593, 89, 62, 921, 2600000, 2699999),
(1594, 89, 62, 921, 50000, 99999),
(1595, 89, 62, 921, 6100000, 6199999),
(1596, 89, 62, 921, 6030000, 6039999),
(1597, 89, 30, 921, 7240000, 7259999),
(1598, 89, 30, 921, 5100000, 5199999),
(1599, 89, 30, 921, 6600000, 6699999),
(1600, 89, 30, 921, 1500000, 1799999),
(1601, 89, 30, 921, 7340000, 7359999),
(1602, 89, 30, 921, 6050000, 6059999),
(1603, 89, 30, 921, 7080000, 7099999),
(1604, 89, 30, 921, 2700000, 2899999),
(1605, 89, 30, 921, 300000, 499999),
(1606, 89, 31, 921, 8400000, 8449999),
(1607, 89, 31, 921, 7050000, 7079999),
(1608, 89, 31, 921, 6060000, 6069999),
(1609, 89, 31, 921, 200000, 299999),
(1610, 89, 31, 921, 7290000, 7319999),
(1611, 89, 31, 921, 6900000, 6999999),
(1612, 89, 31, 921, 1900000, 2099999),
(1613, 89, 31, 921, 7360000, 7399999),
(1614, 89, 32, 921, 6070000, 6079999),
(1615, 89, 32, 921, 2100000, 2199999),
(1616, 89, 32, 921, 0, 49999),
(1617, 89, 32, 921, 6090000, 6099999),
(1618, 89, 32, 921, 5000000, 5099999),
(1619, 89, 32, 921, 1100000, 1109999),
(1620, 89, 32, 921, 1120000, 1199999),
(1621, 89, 32, 921, 7030000, 7049999),
(1622, 89, 33, 921, 6200000, 6299999),
(1623, 89, 33, 921, 5200000, 5299999),
(1624, 89, 33, 921, 2200000, 2299999),
(1625, 89, 33, 921, 7000000, 7029999),
(1626, 89, 33, 921, 8000000, 8099999),
(1627, 89, 33, 921, 6040000, 6049999),
(1628, 89, 33, 921, 4500000, 4699999),
(1629, 89, 33, 921, 7260000, 7289999),
(1630, 89, 33, 921, 100000, 199999),
(1631, 89, 34, 921, 5500000, 5999999),
(1632, 89, 34, 921, 1800000, 1899999),
(1633, 89, 34, 921, 8450000, 8499999),
(1634, 89, 34, 921, 900000, 999999),
(1635, 89, 34, 921, 6300000, 6599999),
(1636, 89, 34, 921, 3000000, 4499999),
(1637, 89, 34, 921, 8550000, 9999999),
(1638, 89, 34, 921, 1110000, 1119999),
(1639, 89, 34, 921, 7400000, 7999999),
(1640, 90, 11, 922, 4900000, 4999999),
(1641, 90, 11, 922, 3900000, 3999999),
(1642, 90, 11, 922, 6600000, 6699999),
(1643, 90, 11, 922, 9000000, 9999999),
(1644, 90, 38, 922, 6700000, 6799999),
(1645, 90, 38, 922, 5600000, 5799999),
(1646, 90, 68, 922, 6400000, 6499999),
(1647, 90, 68, 922, 2400000, 2469999),
(1648, 90, 68, 922, 3000000, 3899999),
(1649, 90, 78, 922, 5800000, 5999999),
(1650, 90, 78, 922, 800000, 899999),
(1651, 90, 78, 922, 2700000, 2799999),
(1652, 90, 20, 922, 5000000, 5299999),
(1653, 90, 20, 922, 6800000, 6949999),
(1654, 90, 20, 922, 0, 199999),
(1655, 90, 54, 922, 6000000, 6199999),
(1656, 90, 54, 922, 1000000, 2299999),
(1657, 90, 54, 922, 2900000, 2999999),
(1658, 90, 54, 922, 200000, 399999),
(1659, 90, 72, 922, 2600000, 2699999),
(1660, 90, 72, 922, 400000, 499999),
(1661, 90, 72, 922, 4700000, 4899999),
(1662, 90, 72, 922, 700000, 799999),
(1663, 90, 40, 922, 7600000, 7999999),
(1664, 90, 40, 922, 4000000, 4499999),
(1665, 90, 40, 922, 6500000, 6599999),
(1666, 90, 40, 922, 2470000, 2599999),
(1667, 90, 59, 922, 6950000, 7599999),
(1668, 90, 59, 922, 2300000, 2399999),
(1669, 90, 59, 922, 6300000, 6399999),
(1670, 90, 73, 922, 4500000, 4699999),
(1671, 90, 73, 922, 500000, 699999),
(1672, 90, 73, 922, 900000, 999999),
(1673, 90, 73, 922, 2800000, 2899999),
(1674, 91, 44, 922, 8000000, 8999999),
(1675, 91, 44, 922, 5300000, 5599999),
(1676, 91, 44, 922, 6200000, 6299999),
(1677, 92, 5, 923, 7100000, 7299999),
(1678, 92, 5, 923, 1600000, 1699999),
(1679, 92, 5, 923, 7900000, 7999999),
(1680, 92, 5, 923, 6400000, 6599999),
(1681, 92, 37, 923, 4600000, 4799999),
(1682, 92, 37, 923, 6000000, 6199999),
(1683, 92, 37, 923, 6200000, 6399999),
(1684, 92, 37, 923, 5000000, 5699999),
(1685, 92, 37, 923, 4800000, 4999999),
(1686, 92, 35, 923, 5700000, 5799999),
(1687, 92, 35, 923, 3440000, 3469999),
(1688, 92, 35, 923, 2000000, 2099999),
(1689, 92, 35, 923, 2700000, 2999999),
(1690, 92, 35, 923, 3430000, 3439999),
(1691, 92, 35, 923, 3000000, 3399999),
(1692, 92, 35, 923, 3400000, 3429999),
(1693, 92, 35, 923, 3470000, 3479999),
(1694, 92, 35, 923, 3480000, 3799999),
(1695, 92, 16, 923, 1700000, 1999999),
(1696, 92, 16, 923, 2200000, 2599999),
(1697, 92, 16, 923, 7700000, 7899999),
(1698, 92, 16, 923, 7000000, 7099999),
(1699, 92, 16, 923, 1000000, 1599999),
(1700, 92, 16, 923, 2110000, 2119999),
(1701, 92, 16, 923, 7300000, 7599999),
(1702, 92, 17, 923, 6700000, 6999999),
(1703, 92, 17, 923, 7600000, 7699999),
(1704, 92, 75, 923, 6600000, 6699999),
(1705, 92, 80, 923, 2600000, 2699999),
(1706, 92, 80, 923, 3800000, 3899999),
(1707, 92, 65, 923, 3900000, 3999999),
(1708, 92, 65, 923, 2120000, 2199999),
(1709, 92, 65, 923, 5900000, 5999999),
(1710, 92, 65, 923, 5800000, 5899999),
(1711, 92, 65, 923, 2100000, 2109999),
(1712, 92, 66, 923, 4000000, 4599999),
(1713, 93, 4, 924, 1400000, 1499999),
(1714, 93, 4, 924, 6700000, 6849999),
(1715, 93, 4, 924, 3400000, 3499999),
(1716, 93, 48, 924, 6400000, 6499999),
(1717, 93, 48, 924, 7400000, 7499999),
(1718, 93, 48, 924, 1500000, 1599999),
(1719, 93, 46, 924, 3700000, 3899999),
(1720, 93, 46, 924, 2950000, 2999999),
(1721, 93, 46, 924, 5700000, 5799999),
(1722, 93, 46, 924, 5000000, 5199999),
(1723, 93, 46, 924, 2700000, 2799999),
(1724, 93, 46, 924, 4700000, 4799999),
(1725, 93, 27, 924, 2900000, 2949999),
(1726, 93, 27, 924, 7000000, 7199999),
(1727, 93, 27, 924, 6000000, 6399999),
(1728, 93, 55, 924, 7800000, 7849999),
(1729, 93, 55, 924, 6950000, 6999999),
(1730, 93, 55, 924, 7900000, 7949999),
(1731, 93, 55, 924, 6850000, 6899999),
(1732, 93, 56, 924, 6900000, 6949999),
(1733, 93, 56, 924, 8500000, 8549999),
(1734, 93, 51, 924, 2300000, 2699999),
(1735, 93, 51, 924, 3200000, 3399999),
(1736, 93, 51, 924, 4200000, 4399999),
(1737, 93, 51, 924, 1300000, 1399999),
(1738, 93, 51, 924, 1200000, 1299999),
(1739, 93, 70, 924, 3500000, 3599999),
(1740, 93, 70, 924, 3900000, 3999999),
(1741, 93, 70, 924, 7500000, 7599999),
(1742, 93, 70, 924, 6500000, 6599999),
(1743, 93, 63, 924, 8600000, 8799999),
(1744, 93, 63, 924, 3600000, 3699999),
(1745, 93, 63, 924, 4600000, 4699999),
(1746, 93, 63, 924, 1700000, 1799999),
(1747, 93, 63, 924, 6600000, 6649999),
(1748, 93, 63, 924, 1600000, 1699999),
(1749, 93, 57, 924, 1800000, 1899999),
(1750, 93, 57, 924, 1900000, 1999999),
(1751, 93, 57, 924, 2800000, 2899999),
(1752, 93, 57, 924, 4800000, 4999999),
(1753, 93, 26, 924, 3000000, 3199999),
(1754, 93, 26, 924, 2000000, 2299999),
(1755, 93, 26, 924, 7200000, 7399999),
(1756, 93, 26, 924, 4400000, 4599999),
(1757, 93, 26, 924, 8000000, 8499999),
(1758, 93, 26, 924, 8550000, 8599999),
(1759, 93, 26, 924, 7600000, 7799999),
(1760, 93, 26, 924, 7850000, 7899999),
(1761, 93, 26, 924, 1000000, 1199999),
(1762, 93, 26, 924, 5200000, 5699999),
(1763, 93, 26, 924, 4000000, 4199999),
(1764, 93, 26, 924, 8800000, 8999999),
(1765, 93, 26, 924, 5800000, 5999999),
(1766, 93, 82, 924, 6650000, 6699999),
(1767, 93, 82, 924, 7950000, 7999999),
(1768, 94, 61, 925, 5850000, 5859999),
(1769, 94, 61, 925, 9200000, 9209999),
(1770, 94, 61, 925, 2310000, 2319999),
(1771, 94, 61, 925, 1360000, 1369999),
(1772, 94, 61, 925, 4100000, 4119999),
(1773, 94, 61, 925, 9850000, 9859999),
(1774, 94, 61, 925, 9970000, 9999999),
(1775, 94, 61, 925, 5170000, 5189999),
(1776, 94, 61, 925, 1080000, 1089999),
(1777, 94, 61, 925, 6460000, 6469999),
(1778, 94, 61, 925, 9670000, 9709999),
(1779, 94, 61, 925, 2580000, 2589999),
(1780, 94, 61, 925, 0, 999999),
(1781, 94, 61, 925, 5040000, 5109999),
(1782, 94, 61, 925, 5890000, 5899999),
(1783, 94, 61, 925, 9220000, 9229999),
(1784, 94, 61, 925, 2330000, 2339999),
(1785, 94, 61, 925, 1390000, 1399999),
(1786, 94, 61, 925, 5000000, 5009999),
(1787, 94, 61, 925, 5420000, 5459999),
(1788, 94, 61, 925, 8000000, 8999999),
(1789, 94, 61, 925, 2260000, 2269999),
(1790, 94, 61, 925, 1300000, 1309999),
(1791, 94, 61, 925, 7000000, 7999999),
(1792, 94, 61, 925, 9740000, 9749999),
(1793, 94, 61, 925, 3630000, 3649999),
(1794, 94, 61, 925, 9910000, 9919999),
(1795, 94, 61, 925, 5140000, 5149999),
(1796, 94, 61, 925, 1010000, 1069999),
(1797, 94, 61, 925, 6420000, 6429999),
(1798, 94, 61, 925, 9600000, 9619999),
(1799, 94, 61, 925, 2470000, 2479999),
(1800, 94, 61, 925, 2200000, 2209999),
(1801, 94, 61, 925, 5020000, 5029999),
(1802, 94, 61, 926, 0, 999999),
(1803, 94, 61, 926, 1000000, 9999999),
(1804, 91, 43, 927, 2840000, 2859999),
(1805, 91, 43, 927, 700000, 799999),
(1806, 91, 43, 927, 5500000, 5899999),
(1807, 91, 43, 927, 2800000, 2829999),
(1808, 91, 43, 927, 6600000, 6649999),
(1809, 91, 8, 927, 5000000, 5499999),
(1810, 91, 8, 927, 600000, 699999),
(1811, 91, 8, 927, 2500000, 2599999),
(1812, 91, 45, 927, 3600000, 3999999),
(1813, 91, 45, 927, 900000, 999999),
(1814, 91, 45, 927, 6480000, 6499999),
(1815, 91, 45, 927, 2860000, 2899999),
(1816, 91, 67, 927, 2300000, 2399999),
(1817, 91, 67, 927, 9200000, 9699999),
(1818, 91, 67, 927, 3000000, 3599999),
(1819, 91, 67, 927, 800000, 899999),
(1820, 91, 67, 927, 6350000, 6399999),
(1821, 91, 49, 927, 5900000, 5999999),
(1822, 91, 49, 927, 6450000, 6479999),
(1823, 91, 49, 927, 2830000, 2839999),
(1824, 91, 69, 927, 8700000, 8899999),
(1825, 91, 69, 927, 6800000, 6849999),
(1826, 91, 50, 927, 1700000, 1999999),
(1827, 91, 50, 927, 6400000, 6449999),
(1828, 91, 50, 927, 9700000, 9799999),
(1829, 91, 50, 927, 2740000, 2769999),
(1830, 91, 52, 927, 300000, 399999),
(1831, 91, 52, 927, 400000, 499999),
(1832, 91, 52, 927, 2400000, 2499999),
(1833, 91, 52, 927, 4000000, 4499999),
(1834, 91, 52, 927, 6700000, 6799999),
(1835, 91, 52, 927, 4500000, 4999999),
(1836, 91, 60, 927, 8900000, 8999999),
(1837, 91, 60, 927, 2900000, 2999999),
(1838, 91, 60, 927, 0, 199999),
(1839, 91, 60, 927, 6100000, 6199999),
(1840, 91, 60, 927, 2000000, 2099999),
(1841, 91, 60, 927, 6850000, 7699999),
(1842, 91, 60, 927, 2100000, 2199999),
(1843, 91, 60, 927, 6000000, 6099999),
(1844, 91, 60, 927, 7700000, 7999999),
(1845, 91, 60, 927, 2600000, 2679999),
(1846, 91, 60, 927, 9000000, 9099999),
(1847, 91, 60, 927, 200000, 299999),
(1848, 91, 60, 927, 1110000, 1119999),
(1849, 91, 60, 927, 2680000, 2699999),
(1850, 91, 60, 927, 6500000, 6599999),
(1851, 91, 41, 927, 2770000, 2799999),
(1852, 91, 41, 927, 1120000, 1699999),
(1853, 91, 41, 927, 500000, 599999),
(1854, 91, 41, 927, 6200000, 6299999),
(1855, 91, 41, 927, 2200000, 2299999),
(1856, 91, 41, 927, 1000000, 1109999),
(1857, 91, 41, 927, 9100000, 9199999),
(1858, 91, 25, 927, 2700000, 2739999),
(1859, 91, 25, 927, 9800000, 9899999),
(1860, 91, 25, 927, 6300000, 6349999),
(1861, 91, 25, 927, 8000000, 8399999),
(1862, 91, 47, 927, 9900000, 9999999),
(1863, 91, 47, 927, 6650000, 6699999),
(1864, 91, 47, 927, 8400000, 8699999),
(1865, 95, 36, 928, 750000, 849999),
(1866, 95, 36, 928, 9990000, 9999999),
(1867, 95, 36, 928, 9100000, 9109999),
(1868, 95, 36, 928, 6900000, 6949999),
(1869, 95, 36, 928, 9120000, 9169999),
(1870, 95, 36, 928, 7000000, 7249999),
(1871, 95, 58, 928, 250000, 349999),
(1872, 95, 58, 928, 9220000, 9269999),
(1873, 95, 58, 928, 3800000, 3999999),
(1874, 95, 58, 928, 6550000, 6599999),
(1875, 95, 12, 928, 2030000, 2059999),
(1876, 95, 12, 928, 2310000, 2329999),
(1877, 95, 12, 928, 2630000, 2639999),
(1878, 95, 12, 928, 2330000, 2349999),
(1879, 95, 12, 928, 2920000, 2929999),
(1880, 95, 12, 928, 2000000, 2029999),
(1881, 95, 12, 928, 2230000, 2239999),
(1882, 95, 12, 928, 4500000, 4599999),
(1883, 95, 12, 928, 2460000, 2489999),
(1884, 95, 12, 928, 2450000, 2459999),
(1885, 95, 12, 928, 4400000, 4449999),
(1886, 95, 12, 928, 8800000, 8849999),
(1887, 95, 12, 928, 2780000, 2789999),
(1888, 95, 12, 928, 2940000, 2949999),
(1889, 95, 12, 928, 8400000, 8499999),
(1890, 95, 12, 928, 2170000, 2179999),
(1891, 95, 12, 928, 2600000, 2619999),
(1892, 95, 12, 928, 2360000, 2379999),
(1893, 95, 12, 928, 2680000, 2689999),
(1894, 95, 12, 928, 8500000, 8549999),
(1895, 95, 12, 928, 4000000, 4399999),
(1896, 95, 12, 928, 2060000, 2109999),
(1897, 95, 12, 928, 3300000, 3349999),
(1898, 95, 12, 928, 2280000, 2289999),
(1899, 95, 12, 928, 2550000, 2589999),
(1900, 95, 12, 928, 2590000, 2599999),
(1901, 95, 12, 928, 2800000, 2839999),
(1902, 95, 12, 928, 350000, 449999),
(1903, 95, 12, 928, 2210000, 2219999),
(1904, 95, 12, 928, 4450000, 4499999),
(1905, 95, 12, 928, 9920000, 9929999),
(1906, 95, 12, 928, 2420000, 2429999),
(1907, 95, 12, 928, 2950000, 2959999),
(1908, 95, 12, 928, 2390000, 2419999),
(1909, 95, 12, 928, 2710000, 2759999),
(1910, 95, 12, 928, 6650000, 6679999),
(1911, 95, 12, 928, 6600000, 6649999),
(1912, 95, 12, 928, 2150000, 2159999),
(1913, 95, 74, 928, 4600000, 4749999),
(1914, 95, 74, 928, 2110000, 2119999),
(1915, 95, 74, 928, 6680000, 6699999),
(1916, 95, 74, 928, 2910000, 2919999),
(1917, 95, 76, 928, 9940000, 9949999),
(1918, 95, 76, 928, 2180000, 2199999),
(1919, 95, 76, 928, 9410000, 9419999),
(1920, 95, 76, 928, 9690000, 9699999),
(1921, 95, 76, 928, 9840000, 9879999),
(1922, 95, 76, 928, 2970000, 2989999),
(1923, 95, 76, 928, 8650000, 8799999),
(1924, 95, 76, 928, 9580000, 9589999),
(1925, 95, 76, 928, 2430000, 2439999),
(1926, 95, 76, 928, 2840000, 2849999),
(1927, 95, 76, 928, 8000000, 8099999),
(1928, 95, 76, 928, 9470000, 9479999),
(1929, 95, 76, 928, 2240000, 2249999),
(1930, 95, 76, 928, 2530000, 2549999),
(1931, 95, 76, 928, 9720000, 9819999),
(1932, 95, 76, 928, 9890000, 9899999),
(1933, 95, 76, 928, 5000000, 5999999),
(1934, 95, 76, 928, 450000, 649999),
(1935, 95, 76, 928, 9370000, 9379999),
(1936, 95, 76, 928, 9610000, 9629999),
(1937, 95, 76, 928, 2490000, 2509999),
(1938, 95, 76, 928, 2860000, 2889999),
(1939, 95, 76, 928, 8300000, 8399999),
(1940, 95, 76, 928, 9500000, 9509999),
(1941, 95, 76, 928, 2380000, 2389999),
(1942, 95, 76, 928, 2760000, 2779999),
(1943, 95, 76, 928, 6700000, 6849999),
(1944, 95, 77, 928, 9980000, 9989999),
(1945, 95, 77, 928, 2990000, 2999999),
(1946, 95, 77, 928, 7900000, 7999999),
(1947, 95, 77, 928, 7410000, 7439999),
(1948, 95, 77, 928, 6950000, 6999999),
(1949, 95, 77, 928, 9170000, 9219999),
(1950, 95, 77, 928, 900000, 999999),
(1951, 95, 77, 928, 7460000, 7489999),
(1952, 95, 77, 928, 7250000, 7349999),
(1953, 95, 19, 928, 9300000, 9359999),
(1954, 95, 19, 928, 2350000, 2359999),
(1955, 95, 19, 928, 6850000, 6899999),
(1956, 95, 19, 928, 9380000, 9399999),
(1957, 95, 19, 928, 650000, 749999),
(1958, 95, 19, 928, 9270000, 9289999),
(1959, 95, 19, 928, 8550000, 8649999),
(1960, 95, 19, 928, 9960000, 9969999),
(1961, 95, 19, 928, 4800000, 4999999),
(1962, 95, 21, 928, 9000000, 9099999),
(1963, 95, 21, 928, 9880000, 9889999),
(1964, 95, 21, 928, 2260000, 2279999),
(1965, 95, 21, 928, 6000000, 6299999),
(1966, 95, 21, 928, 9590000, 9609999),
(1967, 95, 21, 928, 2120000, 2149999),
(1968, 95, 21, 928, 2890000, 2899999),
(1969, 95, 21, 928, 9540000, 9549999),
(1970, 95, 21, 928, 9900000, 9919999),
(1971, 95, 21, 928, 2290000, 2299999),
(1972, 95, 21, 928, 7500000, 7799999),
(1973, 95, 21, 928, 9640000, 9679999),
(1974, 95, 21, 928, 2160000, 2169999),
(1975, 95, 21, 928, 2960000, 2969999),
(1976, 95, 21, 928, 9560000, 9579999),
(1977, 95, 21, 928, 1000000, 1999999),
(1978, 95, 21, 928, 2790000, 2799999),
(1979, 95, 21, 928, 2700000, 2709999),
(1980, 95, 39, 928, 2510000, 2529999),
(1981, 95, 39, 928, 6500000, 6549999),
(1982, 95, 39, 928, 2300000, 2309999),
(1983, 95, 39, 928, 9110000, 9119999),
(1984, 95, 39, 928, 9630000, 9639999),
(1985, 95, 39, 928, 2620000, 2629999),
(1986, 95, 39, 928, 3000000, 3299999),
(1987, 95, 39, 928, 2220000, 2229999),
(1988, 95, 39, 928, 6300000, 6399999),
(1989, 95, 39, 928, 9510000, 9519999),
(1990, 95, 39, 928, 9970000, 9979999),
(1991, 95, 39, 928, 9820000, 9839999),
(1992, 95, 39, 928, 50000, 149999),
(1993, 95, 39, 928, 2850000, 2859999),
(1994, 95, 39, 928, 9290000, 9299999),
(1995, 95, 39, 928, 2440000, 2449999),
(1996, 95, 39, 928, 9680000, 9689999),
(1997, 95, 39, 928, 2640000, 2679999),
(1998, 95, 39, 928, 3350000, 3399999),
(1999, 95, 39, 928, 2250000, 2259999),
(2000, 95, 39, 928, 8100000, 8299999),
(2001, 95, 39, 928, 9550000, 9559999),
(2002, 95, 39, 928, 3400000, 3799999),
(2003, 95, 39, 928, 9930000, 9939999),
(2004, 95, 39, 928, 2200000, 2209999),
(2005, 95, 39, 928, 2930000, 2939999),
(2006, 95, 39, 928, 9360000, 9369999),
(2007, 95, 39, 928, 9700000, 9719999),
(2008, 95, 83, 928, 8900000, 8949999),
(2009, 95, 83, 928, 2690000, 2699999),
(2010, 95, 83, 928, 9520000, 9539999),
(2011, 95, 83, 928, 850000, 899999),
(2012, 95, 83, 928, 150000, 249999),
(2013, 95, 83, 928, 9420000, 9469999),
(2014, 95, 83, 928, 8950000, 8999999),
(2015, 95, 83, 928, 7800000, 7899999),
(2016, 95, 83, 928, 2900000, 2909999),
(2017, 95, 83, 928, 0, 49999),
(2018, 95, 83, 928, 9950000, 9959999),
(2019, 95, 83, 928, 7350000, 7409999),
(2020, 95, 83, 928, 7490000, 7499999),
(2021, 95, 83, 928, 9480000, 9499999),
(2022, 95, 83, 928, 8850000, 8899999),
(2023, 95, 83, 928, 4750000, 4799999),
(2024, 95, 83, 928, 9400000, 9409999),
(2025, 95, 83, 928, 6400000, 6499999),
(2026, 95, 83, 928, 7440000, 7459999),
(2027, 95, 36, 929, 8840000, 8859999),
(2028, 95, 58, 929, 8590000, 8609999),
(2029, 95, 12, 929, 8220000, 8529999),
(2030, 95, 12, 929, 8530000, 8549999),
(2031, 95, 74, 929, 8610000, 8629999),
(2032, 95, 76, 929, 8650000, 8839999),
(2033, 95, 77, 929, 8860000, 8879999),
(2034, 95, 19, 929, 8630000, 8649999),
(2035, 95, 21, 929, 8000000, 8219999),
(2036, 95, 39, 929, 8550000, 8589999),
(2037, 95, 83, 929, 8880000, 8999999),
(2038, 92, 5, 929, 3900000, 3999999),
(2039, 92, 5, 929, 3100000, 3109999),
(2040, 92, 37, 929, 3000000, 3009999),
(2041, 92, 37, 929, 3400000, 3599999),
(2042, 92, 35, 929, 3200000, 3399999),
(2043, 92, 35, 929, 3070000, 3099999),
(2044, 92, 35, 929, 3130000, 3139999),
(2045, 92, 16, 929, 3030000, 3039999),
(2046, 92, 16, 929, 3800000, 3899999),
(2047, 92, 17, 929, 3600000, 3699999),
(2048, 92, 17, 929, 3010000, 3019999),
(2049, 92, 75, 929, 3040000, 3069999),
(2050, 92, 75, 929, 3110000, 3119999),
(2051, 92, 80, 929, 3140000, 3179999),
(2052, 92, 65, 929, 3180000, 3199999),
(2053, 92, 65, 929, 3120000, 3129999),
(2054, 92, 66, 929, 3700000, 3799999),
(2055, 92, 66, 929, 3020000, 3029999),
(2056, 93, 4, 929, 4750000, 4799999),
(2057, 93, 48, 929, 4900000, 4949999),
(2058, 93, 46, 929, 4800000, 4899999),
(2059, 93, 27, 929, 4300000, 4399999),
(2060, 93, 55, 929, 4550000, 4599999),
(2061, 93, 56, 929, 4500000, 4549999),
(2062, 93, 51, 929, 4200000, 4299999),
(2063, 93, 70, 929, 4700000, 4749999),
(2064, 93, 63, 929, 4600000, 4699999),
(2065, 93, 57, 929, 4400000, 4499999),
(2066, 93, 26, 929, 4000000, 4199999),
(2067, 93, 82, 929, 4950000, 4999999),
(2068, 86, 6, 929, 0, 59999),
(2069, 86, 28, 929, 210000, 269999),
(2070, 86, 7, 929, 270000, 319999),
(2071, 86, 10, 929, 320000, 349999),
(2072, 86, 13, 929, 350000, 379999),
(2073, 86, 15, 929, 380000, 589999),
(2074, 86, 18, 929, 590000, 639999),
(2075, 86, 22, 929, 640000, 699999),
(2076, 86, 53, 929, 700000, 749999),
(2077, 94, 61, 929, 9000000, 9999999),
(2078, 94, 61, 929, 6000000, 6999999),
(2079, 94, 61, 929, 5000000, 5999999),
(2080, 90, 11, 929, 2090000, 2099999),
(2081, 90, 11, 929, 2900000, 2999999),
(2082, 90, 38, 929, 2250000, 2299999),
(2083, 90, 38, 929, 2060000, 2069999),
(2084, 90, 44, 929, 2010000, 2019999),
(2085, 90, 44, 929, 2800000, 2849999),
(2086, 90, 68, 929, 2030000, 2039999),
(2087, 90, 68, 929, 2300000, 2349999),
(2088, 90, 78, 929, 2850000, 2899999),
(2089, 90, 78, 929, 2050000, 2059999),
(2090, 90, 20, 929, 2100000, 2109999),
(2091, 90, 20, 929, 2750000, 2799999),
(2092, 90, 54, 929, 2110000, 2249999),
(2093, 90, 54, 929, 2020000, 2029999),
(2094, 90, 72, 929, 2600000, 2699999),
(2095, 90, 72, 929, 2000000, 2009999),
(2096, 90, 40, 929, 2400000, 2409999),
(2097, 90, 40, 929, 2040000, 2049999),
(2098, 90, 59, 929, 2700000, 2749999),
(2099, 90, 59, 929, 2070000, 2079999),
(2100, 90, 59, 929, 2350000, 2399999),
(2101, 90, 73, 929, 2080000, 2089999),
(2102, 90, 73, 929, 2500000, 2599999),
(2103, 91, 43, 929, 7400000, 7449999),
(2104, 91, 8, 929, 7800000, 7899999),
(2105, 91, 45, 929, 7650000, 7699999),
(2106, 91, 67, 929, 7500000, 7599999),
(2107, 91, 49, 929, 7300000, 7319999),
(2108, 91, 69, 929, 7320000, 7349999),
(2109, 91, 50, 929, 7450000, 7499999),
(2110, 91, 52, 929, 7600000, 7649999),
(2111, 91, 60, 929, 7000000, 7099999),
(2112, 91, 60, 929, 7100000, 7199999),
(2113, 91, 41, 929, 7700000, 7799999),
(2114, 91, 25, 929, 7900000, 7999999),
(2115, 91, 47, 929, 7350000, 7399999),
(2116, 87, 1, 929, 850000, 899999),
(2117, 87, 2, 929, 900000, 949999),
(2118, 87, 42, 929, 800000, 849999),
(2119, 87, 24, 929, 950000, 999999),
(2120, 87, 3, 929, 750000, 799999),
(2121, 89, 64, 929, 1400000, 1499999),
(2122, 89, 29, 929, 1500000, 1599999),
(2123, 89, 29, 929, 1200000, 1299999),
(2124, 89, 62, 929, 1600000, 1699999),
(2125, 89, 30, 929, 1800000, 1899999),
(2126, 89, 31, 929, 1900000, 1999999),
(2127, 89, 32, 929, 1300000, 1399999),
(2128, 89, 33, 929, 1700000, 1799999),
(2129, 89, 34, 929, 1000000, 1199999),
(2130, 88, 9, 929, 60000, 119999),
(2131, 88, 14, 929, 120000, 149999),
(2132, 88, 23, 929, 150000, 209999),
(2133, 96, 7, 930, 310000, 319999),
(2134, 96, 9, 930, 110000, 119999),
(2135, 96, 15, 930, 560000, 569999),
(2136, 96, 22, 930, 690000, 699999),
(2137, 89, 64, 931, 4000000, 4199999),
(2138, 89, 29, 931, 5000000, 5099999),
(2139, 89, 29, 931, 5100000, 5199999),
(2140, 89, 62, 931, 6000000, 6099999),
(2141, 89, 30, 931, 8000000, 8099999),
(2142, 89, 31, 931, 8500000, 8599999),
(2143, 89, 32, 931, 9000000, 9099999),
(2144, 89, 33, 931, 7000000, 7099999),
(2145, 89, 34, 931, 2000000, 2499999),
(2146, 97, 54, 932, 1000000, 1009999),
(2147, 97, 72, 932, 2000000, 2009999),
(2148, 97, 40, 932, 4000000, 4009999),
(2149, 96, 44, 932, 2010000, 2019999),
(2150, 96, 59, 932, 2070000, 2079999),
(2151, 97, 5, 933, 3100000, 3109999),
(2152, 97, 37, 933, 3000000, 3009999),
(2153, 97, 35, 933, 2000000, 2009999),
(2154, 97, 16, 933, 1000000, 1009999),
(2155, 97, 17, 933, 3010000, 3019999),
(2156, 97, 51, 934, 1000000, 1009999),
(2157, 96, 4, 934, 4760000, 4769999),
(2158, 96, 48, 934, 4910000, 4919999),
(2159, 96, 27, 934, 4310000, 4319999),
(2160, 96, 63, 934, 4610000, 4619999),
(2161, 96, 57, 934, 4410000, 4419999),
(2162, 96, 26, 934, 4010000, 4019999),
(2163, 94, 61, 936, 6000000, 6009999),
(2164, 97, 67, 937, 5000000, 5009999),
(2165, 97, 52, 937, 6000000, 6009999),
(2166, 97, 60, 937, 1000000, 1009999),
(2167, 96, 8, 937, 7580000, 7589999),
(2168, 96, 41, 937, 7560000, 7569999),
(2169, 96, 25, 937, 7570000, 7579999),
(2170, 91, 43, 937, 1200000, 1399999),
(2171, 91, 8, 937, 7000000, 7529999),
(2172, 91, 8, 937, 5300000, 5699999),
(2173, 91, 45, 937, 4000000, 4499999),
(2174, 91, 67, 937, 4700000, 4999999),
(2175, 91, 67, 937, 3000000, 3699999),
(2176, 91, 67, 937, 1500000, 1699999),
(2177, 91, 49, 937, 1900000, 1999999),
(2178, 91, 49, 937, 4600000, 4699999),
(2179, 91, 69, 937, 1100000, 1199999),
(2180, 91, 50, 937, 5100000, 5199999),
(2181, 91, 50, 937, 6700000, 6999999),
(2182, 91, 52, 937, 6100000, 6299999),
(2183, 91, 52, 937, 2800000, 2899999),
(2184, 91, 52, 937, 5700000, 5999999),
(2185, 91, 52, 937, 5200000, 5299999),
(2186, 91, 52, 937, 2900000, 2999999),
(2187, 91, 60, 937, 6400000, 6699999),
(2188, 91, 60, 937, 2000000, 2099999),
(2189, 91, 60, 937, 2300000, 2399999),
(2190, 91, 60, 937, 1700000, 1899999),
(2191, 91, 60, 937, 2100000, 2199999),
(2192, 91, 41, 937, 2400000, 2699999),
(2193, 91, 41, 937, 2200000, 2299999),
(2194, 91, 41, 937, 1400000, 1499999),
(2195, 91, 41, 937, 6300000, 6399999),
(2196, 91, 25, 937, 4500000, 4599999),
(2197, 91, 25, 937, 2700000, 2799999),
(2198, 91, 47, 937, 3700000, 3999999),
(2199, 97, 12, 938, 4000000, 4009999),
(2200, 97, 76, 938, 2000000, 2099999),
(2201, 97, 21, 938, 1000000, 1009999),
(2202, 97, 39, 938, 3000000, 3009999),
(2203, 44, 51, 950, 2800000, 2999999),
(2204, 45, 64, 950, 9620000, 9639999),
(2205, 45, 64, 950, 6600000, 6619999),
(2206, 4, 27, 950, 500000, 1499999),
(2207, 70, 6, 950, 7100000, 7199999),
(2208, 71, 9, 950, 7500000, 7799999),
(2209, 8, 35, 950, 9700000, 9999999),
(2210, 8, 35, 950, 4000000, 4099999),
(2211, 8, 35, 950, 9670000, 9689999),
(2212, 8, 35, 950, 4100000, 4399999),
(2213, 8, 65, 950, 9640000, 9669999),
(2214, 8, 65, 950, 3020000, 3079999),
(2215, 72, 37, 950, 5700000, 5999999),
(2216, 72, 37, 950, 2600000, 2799999),
(2217, 73, 13, 950, 8700000, 8799999),
(2218, 74, 14, 950, 8000000, 8099999),
(2219, 49, 15, 950, 3400000, 3799999),
(2220, 49, 52, 950, 3100000, 3299999),
(2221, 51, 44, 950, 1800000, 1899999),
(2222, 75, 78, 950, 3080000, 3089999),
(2223, 75, 78, 950, 5650000, 5699999),
(2224, 52, 45, 950, 2300000, 2399999),
(2225, 76, 21, 950, 8400000, 8699999),
(2226, 77, 20, 950, 1500000, 1799999),
(2227, 77, 20, 950, 8100000, 8399999),
(2228, 78, 17, 950, 7800000, 7999999),
(2229, 78, 17, 950, 3300000, 3399999),
(2230, 79, 42, 950, 7000000, 7099999),
(2231, 33, 27, 950, 2100000, 2299999),
(2232, 62, 67, 950, 9500000, 9599999),
(2233, 80, 79, 950, 400000, 499999),
(2234, 81, 34, 950, 0, 399999),
(2235, 64, 70, 950, 3800000, 3999999),
(2236, 65, 67, 950, 9300000, 9449999),
(2237, 65, 49, 950, 6680000, 6699999),
(2238, 65, 52, 950, 6650000, 6679999),
(2239, 65, 60, 950, 8840000, 8849999),
(2240, 65, 41, 950, 8880000, 8899999),
(2241, 65, 41, 950, 8800000, 8809999),
(2242, 65, 25, 950, 8810000, 8839999),
(2243, 65, 25, 950, 8850000, 8879999),
(2244, 42, 68, 950, 4400000, 4799999),
(2245, 42, 54, 950, 5400000, 5649999),
(2246, 42, 72, 950, 4800000, 4999999),
(2247, 42, 40, 950, 5050000, 5299999),
(2248, 42, 40, 950, 5000000, 5049999),
(2249, 42, 40, 950, 5300000, 5399999),
(2250, 98, 57, 950, 3000000, 3019999),
(2251, 66, 54, 950, 1900000, 2099999),
(2252, 66, 54, 950, 6300000, 6599999),
(2253, 82, 15, 950, 6000000, 6299999),
(2254, 83, 59, 950, 7200000, 7499999),
(2255, 70, 6, 951, 7600000, 7699999),
(2256, 70, 6, 951, 1300000, 1599999),
(2257, 71, 9, 951, 8500000, 8799999),
(2258, 71, 9, 951, 5400000, 5699999),
(2259, 72, 37, 951, 1600000, 1899999),
(2260, 72, 37, 951, 5700000, 6199999),
(2261, 73, 13, 951, 3100000, 3399999),
(2262, 73, 13, 951, 700000, 899999),
(2263, 74, 14, 951, 3000000, 3099999),
(2264, 48, 30, 951, 2950000, 2979999),
(2265, 49, 15, 951, 9000000, 9199999),
(2266, 49, 50, 951, 500000, 599999),
(2267, 49, 50, 951, 3400000, 3439999),
(2268, 49, 52, 951, 600000, 699999),
(2269, 49, 52, 951, 8900000, 8999999),
(2270, 49, 41, 951, 8800000, 8899999),
(2271, 50, 31, 951, 7200000, 7299999),
(2272, 51, 44, 951, 300000, 399999),
(2273, 76, 21, 951, 4900000, 5399999),
(2274, 76, 21, 951, 8200000, 8499999),
(2275, 77, 20, 951, 1900000, 2199999),
(2276, 78, 17, 951, 4000000, 4299999),
(2277, 79, 42, 951, 6900000, 7199999),
(2278, 54, 37, 951, 2200000, 2299999),
(2279, 55, 25, 951, 900000, 999999),
(2280, 57, 3, 951, 2800000, 2899999),
(2281, 58, 75, 951, 3440000, 3469999),
(2282, 33, 27, 951, 7300000, 7599999),
(2283, 33, 27, 951, 1000000, 1299999),
(2284, 60, 55, 951, 2900000, 2919999),
(2285, 61, 56, 951, 2920000, 2949999),
(2286, 63, 51, 951, 0, 299999),
(2287, 80, 79, 951, 6400000, 6599999),
(2288, 81, 34, 951, 6600000, 6899999),
(2289, 64, 70, 951, 6200000, 6399999),
(2290, 42, 38, 951, 2620000, 2779999),
(2291, 42, 68, 951, 9200000, 9599999),
(2292, 42, 67, 951, 2780000, 2799999),
(2293, 42, 40, 951, 9600000, 9739999),
(2294, 42, 40, 951, 9740000, 9819999),
(2295, 42, 59, 951, 2300000, 2619999),
(2296, 42, 59, 951, 4300000, 4399999),
(2297, 42, 73, 951, 9820000, 9969999),
(2298, 83, 59, 951, 4400000, 4899999),
(2299, 83, 59, 951, 7700000, 8199999),
(2300, 99, 74, 952, 9700000, 9899999),
(2301, 45, 64, 952, 3000000, 3099999),
(2302, 45, 64, 952, 2500000, 2599999),
(2303, 4, 27, 952, 6100000, 6399999),
(2304, 70, 6, 952, 4200000, 4399999),
(2305, 71, 9, 952, 5400000, 5599999),
(2306, 8, 65, 952, 7450000, 7499999),
(2307, 72, 16, 952, 9000000, 9499999),
(2308, 72, 66, 952, 8000000, 8099999),
(2309, 72, 66, 952, 8800000, 8999999),
(2310, 73, 13, 952, 4900000, 4999999),
(2311, 74, 14, 952, 5900000, 5999999),
(2312, 48, 30, 952, 2900000, 2999999),
(2313, 49, 15, 952, 4600000, 4799999),
(2314, 49, 50, 952, 700000, 799999),
(2315, 49, 52, 952, 300000, 499999),
(2316, 49, 47, 952, 200000, 299999),
(2317, 50, 31, 952, 4800000, 4899999),
(2318, 76, 21, 952, 6000000, 6099999),
(2319, 76, 21, 952, 5600000, 5899999),
(2320, 77, 20, 952, 4000000, 4199999),
(2321, 79, 28, 952, 9600000, 9699999),
(2322, 79, 42, 952, 9900000, 9999999),
(2323, 79, 42, 952, 5300000, 5399999),
(2324, 58, 5, 952, 0, 99999),
(2325, 33, 27, 952, 2600000, 2899999),
(2326, 80, 79, 952, 3800000, 3999999),
(2327, 80, 79, 952, 2000000, 2299999),
(2328, 81, 34, 952, 3500000, 3799999),
(2329, 81, 34, 952, 2300000, 2499999),
(2330, 42, 68, 952, 6400000, 6649999),
(2331, 42, 68, 952, 3150000, 3399999),
(2332, 42, 72, 952, 6700000, 6899999),
(2333, 42, 72, 952, 3400000, 3499999),
(2334, 42, 40, 952, 6900000, 7249999),
(2335, 66, 54, 952, 7250000, 7449999),
(2336, 82, 15, 952, 7600000, 7899999),
(2337, 82, 15, 952, 4400000, 4599999),
(2338, 67, 12, 952, 8100000, 8799999),
(2339, 83, 59, 952, 5000000, 5299999),
(2340, 45, 64, 953, 2600000, 2699999),
(2341, 100, 53, 953, 4190000, 4439999),
(2342, 8, 35, 953, 5800000, 5999999),
(2343, 8, 65, 953, 2550000, 2599999),
(2344, 48, 30, 953, 3000000, 3099999),
(2345, 48, 30, 953, 7500000, 7599999),
(2346, 49, 15, 953, 4150000, 4159999),
(2347, 49, 15, 953, 4100000, 4109999),
(2348, 49, 15, 953, 4130000, 4149999),
(2349, 49, 45, 953, 4444000, 4479999),
(2350, 49, 41, 953, 6300000, 6399999),
(2351, 50, 31, 953, 9000000, 9099999),
(2352, 51, 44, 953, 4500000, 4599999),
(2353, 78, 17, 953, 3900000, 3999999),
(2354, 79, 28, 953, 2700000, 2999999),
(2355, 63, 51, 953, 2000000, 2299999),
(2356, 81, 34, 953, 3400000, 3599999),
(2357, 66, 54, 953, 6000000, 6099999),
(2358, 33, 5, 960, 9360000, 9669999),
(2359, 33, 64, 960, 0, 199999),
(2360, 33, 43, 960, 8510000, 8669999),
(2361, 33, 6, 960, 6200000, 6409999),
(2362, 33, 28, 960, 5460000, 5649999),
(2363, 33, 7, 960, 7190000, 7379999),
(2364, 33, 8, 960, 8670000, 8969999),
(2365, 33, 29, 960, 2900000, 2999999),
(2366, 33, 9, 960, 1000000, 1399999),
(2367, 33, 1, 960, 5000000, 5139999),
(2368, 33, 36, 960, 4220000, 4319999),
(2369, 33, 10, 960, 5140000, 5259999),
(2370, 33, 58, 960, 4380000, 4399999),
(2371, 33, 37, 960, 9000000, 9359999),
(2372, 33, 2, 960, 7380000, 7499999),
(2373, 33, 12, 960, 4710000, 4989999),
(2374, 33, 35, 960, 7500000, 7519999),
(2375, 33, 35, 960, 7520000, 7749999),
(2376, 33, 13, 960, 6730000, 6999999),
(2377, 33, 14, 960, 1400000, 1599999),
(2378, 33, 30, 960, 200000, 299999),
(2379, 33, 15, 960, 1600000, 1999999),
(2380, 33, 31, 960, 2000000, 2099999),
(2381, 33, 16, 960, 7790000, 7999999),
(2382, 33, 17, 960, 9800000, 9999999),
(2383, 33, 18, 960, 6410000, 6569999),
(2384, 33, 45, 960, 3150000, 3299999),
(2385, 33, 32, 960, 2200000, 2299999),
(2386, 33, 74, 960, 4360000, 4379999),
(2387, 33, 74, 960, 4990000, 4999999),
(2388, 33, 75, 960, 9670000, 9689999),
(2389, 33, 67, 960, 3800000, 3999999),
(2390, 33, 67, 960, 8000000, 8079999),
(2391, 33, 76, 960, 4070000, 4219999),
(2392, 33, 77, 960, 4320000, 4359999),
(2393, 33, 49, 960, 8970000, 8999999),
(2394, 33, 33, 960, 2100000, 2199999),
(2395, 33, 69, 960, 900000, 999999),
(2396, 33, 50, 960, 3300000, 3399999),
(2397, 33, 19, 960, 4000000, 4069999),
(2398, 33, 52, 960, 300000, 899999),
(2399, 33, 80, 960, 7780000, 7789999),
(2400, 33, 65, 960, 7750000, 7779999),
(2401, 33, 21, 960, 4420000, 4709999),
(2402, 33, 22, 960, 5650000, 5789999),
(2403, 33, 60, 960, 8080000, 8509999),
(2404, 33, 34, 960, 2300000, 2899999),
(2405, 33, 41, 960, 3400000, 3599999),
(2406, 33, 42, 960, 5790000, 5929999),
(2407, 33, 23, 960, 6570000, 6729999),
(2408, 33, 24, 960, 7000000, 7189999),
(2409, 33, 66, 960, 9690000, 9799999),
(2410, 33, 53, 960, 5930000, 6199999),
(2411, 33, 25, 960, 3600000, 3799999),
(2412, 33, 83, 960, 4400000, 4419999),
(2413, 33, 47, 960, 3000000, 3149999),
(2414, 33, 3, 960, 5260000, 5459999),
(2415, 33, 5, 961, 2300000, 2429999),
(2416, 33, 5, 961, 9760000, 9999999),
(2417, 33, 4, 961, 9500000, 9599999),
(2418, 33, 43, 961, 540000, 569999),
(2419, 33, 43, 961, 8120000, 8169999),
(2420, 33, 43, 961, 6520000, 6559999),
(2421, 33, 43, 961, 9750000, 9759999),
(2422, 33, 43, 961, 7980000, 7999999),
(2423, 33, 6, 961, 1700000, 1799999),
(2424, 33, 6, 961, 1630000, 1669999),
(2425, 33, 28, 961, 1000000, 1089999),
(2426, 33, 28, 961, 0, 49999),
(2427, 33, 7, 961, 1100000, 1149999),
(2428, 33, 7, 961, 2500000, 2599999),
(2429, 33, 8, 961, 570000, 919999),
(2430, 33, 8, 961, 6560000, 6999999),
(2431, 33, 9, 961, 1800000, 1899999),
(2432, 33, 9, 961, 280000, 299999),
(2433, 33, 9, 961, 6130000, 6179999),
(2434, 33, 9, 961, 1090000, 1099999),
(2435, 33, 1, 961, 1150000, 1199999),
(2436, 33, 1, 961, 2430000, 2499999),
(2437, 33, 10, 961, 50000, 69999),
(2438, 33, 10, 961, 1200000, 1269999),
(2439, 33, 55, 961, 9600000, 9699999),
(2440, 33, 37, 961, 8600000, 8699999),
(2441, 33, 37, 961, 7000000, 7379999),
(2442, 33, 11, 961, 7470000, 7489999),
(2443, 33, 11, 961, 5630000, 5699999),
(2444, 33, 2, 961, 1270000, 1299999),
(2445, 33, 2, 961, 70000, 89999),
(2446, 33, 12, 961, 8500000, 8599999),
(2447, 33, 12, 961, 5800000, 5999999),
(2448, 33, 12, 961, 5000000, 5399999),
(2449, 33, 38, 961, 5700000, 5719999),
(2450, 33, 38, 961, 7490000, 7539999),
(2451, 33, 13, 961, 1670000, 1699999),
(2452, 33, 13, 961, 1900000, 1999999),
(2453, 33, 14, 961, 6000000, 6129999),
(2454, 33, 14, 961, 300000, 369999),
(2455, 33, 15, 961, 6300000, 6399999),
(2456, 33, 16, 961, 2150000, 2299999),
(2457, 33, 16, 961, 8450000, 8489999),
(2458, 33, 16, 961, 8700000, 8799999),
(2459, 33, 17, 961, 8490000, 8499999),
(2460, 33, 17, 961, 8800000, 8849999),
(2461, 33, 44, 961, 9000000, 9499999),
(2462, 33, 18, 961, 6200000, 6279999),
(2463, 33, 45, 961, 3500000, 3549999),
(2464, 33, 68, 961, 5720000, 5729999),
(2465, 33, 68, 961, 7540000, 7599999),
(2466, 33, 74, 961, 9700000, 9719999),
(2467, 33, 74, 961, 8180000, 8199999),
(2468, 33, 74, 961, 8260000, 8299999),
(2469, 33, 75, 961, 8930000, 8939999),
(2470, 33, 67, 961, 380000, 519999),
(2471, 33, 67, 961, 3490000, 3499999),
(2472, 33, 67, 961, 3550000, 3729999),
(2473, 33, 49, 961, 8400000, 8449999),
(2474, 33, 49, 961, 5400000, 5499999),
(2475, 33, 49, 961, 3940000, 3999999),
(2476, 33, 78, 961, 7600000, 7609999),
(2477, 33, 69, 961, 3730000, 3799999),
(2478, 33, 69, 961, 3330000, 3379999),
(2479, 33, 50, 961, 990000, 999999),
(2480, 33, 19, 961, 8200000, 8259999),
(2481, 33, 80, 961, 8940000, 8949999),
(2482, 33, 80, 961, 920000, 929999),
(2483, 33, 65, 961, 8950000, 8999999),
(2484, 33, 65, 961, 7380000, 7469999),
(2485, 33, 65, 961, 930000, 949999),
(2486, 33, 21, 961, 2680000, 3329999),
(2487, 33, 21, 961, 8170000, 8179999),
(2488, 33, 21, 961, 8300000, 8399999),
(2489, 33, 21, 961, 4000000, 4399999),
(2490, 33, 22, 961, 1300000, 1339999),
(2491, 33, 22, 961, 90000, 129999),
(2492, 33, 60, 961, 3800000, 3939999),
(2493, 33, 34, 961, 8000000, 8119999),
(2494, 33, 41, 961, 520000, 539999),
(2495, 33, 41, 961, 6400000, 6519999),
(2496, 33, 54, 961, 7700000, 7789999),
(2497, 33, 54, 961, 5730000, 5749999),
(2498, 33, 54, 961, 7610000, 7699999),
(2499, 33, 42, 961, 130000, 139999),
(2500, 33, 42, 961, 1340000, 1399999),
(2501, 33, 39, 961, 4400000, 4699999),
(2502, 33, 39, 961, 4700000, 4999999),
(2503, 33, 23, 961, 6280000, 6299999),
(2504, 33, 23, 961, 370000, 379999),
(2505, 33, 23, 961, 6180000, 6199999),
(2506, 33, 24, 961, 1400000, 1449999),
(2507, 33, 24, 961, 140000, 199999),
(2508, 33, 66, 961, 8900000, 8929999),
(2509, 33, 66, 961, 950000, 989999),
(2510, 33, 66, 961, 8850000, 8899999),
(2511, 33, 53, 961, 2600000, 2679999),
(2512, 33, 53, 961, 1450000, 1529999),
(2513, 33, 72, 961, 7790000, 7829999),
(2514, 33, 72, 961, 2000000, 2149999),
(2515, 33, 59, 961, 7900000, 7979999),
(2516, 33, 59, 961, 5750000, 5799999),
(2517, 33, 59, 961, 7830000, 7899999),
(2518, 33, 47, 961, 3380000, 3489999),
(2519, 33, 73, 961, 5500000, 5629999),
(2520, 33, 3, 961, 9720000, 9749999),
(2521, 33, 3, 961, 200000, 279999),
(2522, 33, 3, 961, 1530000, 1629999),
(2523, 53, 57, 962, 4140000, 4179999),
(2524, 53, 57, 962, 1000000, 1299999),
(2525, 53, 57, 962, 4190000, 4199999),
(2526, 53, 57, 962, 1520000, 1549999),
(2527, 53, 57, 962, 5800000, 5819999),
(2528, 33, 5, 962, 8020000, 8079999),
(2529, 33, 5, 962, 7900000, 7999999),
(2530, 33, 5, 962, 8080000, 8229999),
(2531, 33, 4, 962, 2830000, 2859999),
(2532, 33, 4, 962, 2930000, 2959999),
(2533, 33, 64, 962, 6590000, 6659999),
(2534, 33, 43, 962, 7510000, 7559999),
(2535, 33, 6, 962, 3000000, 3249999),
(2536, 33, 28, 962, 1300000, 1499999),
(2537, 33, 7, 962, 850000, 999999),
(2538, 33, 8, 962, 7560000, 7619999),
(2539, 33, 29, 962, 6660000, 6729999),
(2540, 33, 9, 962, 3250000, 3499999),
(2541, 33, 1, 962, 1550000, 1699999),
(2542, 33, 36, 962, 6490000, 6539999),
(2543, 33, 62, 962, 2500000, 2699999),
(2544, 33, 10, 962, 1700000, 1799999),
(2545, 33, 55, 962, 2900000, 2929999),
(2546, 33, 55, 962, 2150000, 2179999),
(2547, 33, 55, 962, 2800000, 2829999),
(2548, 33, 37, 962, 7300000, 7399999),
(2549, 33, 11, 962, 8910000, 8999999),
(2550, 33, 2, 962, 1800000, 1899999),
(2551, 33, 12, 962, 8510000, 8909999),
(2552, 33, 35, 962, 650000, 849999),
(2553, 33, 35, 962, 8500000, 8509999),
(2554, 33, 13, 962, 3750000, 3899999),
(2555, 33, 14, 962, 3500000, 3599999),
(2556, 33, 14, 962, 3700000, 3749999),
(2557, 33, 61, 962, 9000000, 9999999),
(2558, 33, 61, 962, 3600000, 3699999),
(2559, 33, 15, 962, 5040000, 5189999),
(2560, 33, 16, 962, 8230000, 8429999),
(2561, 33, 17, 962, 300000, 599999),
(2562, 33, 18, 962, 4750000, 4899999),
(2563, 33, 45, 962, 4700000, 4749999),
(2564, 33, 45, 962, 3980000, 3999999),
(2565, 33, 74, 962, 7620000, 7699999),
(2566, 33, 75, 962, 5820000, 5829999),
(2567, 33, 67, 962, 5190000, 5479999),
(2568, 33, 77, 962, 6370000, 6489999),
(2569, 33, 49, 962, 7700000, 7759999),
(2570, 33, 69, 962, 5880000, 5909999),
(2571, 33, 50, 962, 5910000, 5979999),
(2572, 33, 19, 962, 7430000, 7509999),
(2573, 33, 52, 962, 5480000, 5799999),
(2574, 33, 80, 962, 600000, 649999),
(2575, 33, 65, 962, 8430000, 8499999),
(2576, 33, 65, 962, 8000000, 8019999),
(2577, 33, 22, 962, 3900000, 3979999),
(2578, 33, 60, 962, 6020000, 6149999),
(2579, 33, 34, 962, 6800000, 7299999),
(2580, 33, 41, 962, 6150000, 6299999),
(2581, 33, 42, 962, 1900000, 1999999),
(2582, 33, 39, 962, 4940000, 4959999),
(2583, 33, 39, 962, 4900000, 4939999),
(2584, 33, 39, 962, 4100000, 4139999),
(2585, 33, 39, 962, 4000000, 4099999),
(2586, 33, 39, 962, 4960000, 4999999),
(2587, 33, 39, 962, 0, 299999),
(2588, 33, 39, 962, 4600000, 4609999),
(2589, 33, 39, 962, 4200000, 4599999),
(2590, 33, 39, 962, 7400000, 7429999),
(2591, 33, 23, 962, 2180000, 2199999),
(2592, 33, 23, 962, 2300000, 2399999),
(2593, 33, 24, 962, 2400000, 2499999),
(2594, 33, 66, 962, 7800000, 7899999),
(2595, 33, 66, 962, 7760000, 7799999),
(2596, 33, 53, 962, 2700000, 2799999),
(2597, 33, 25, 962, 6300000, 6369999),
(2598, 33, 26, 962, 5000000, 5039999),
(2599, 33, 26, 962, 2860000, 2899999),
(2600, 33, 26, 962, 1500000, 1519999),
(2601, 33, 26, 962, 5830000, 5879999),
(2602, 33, 26, 962, 2960000, 2999999),
(2603, 33, 26, 962, 2200000, 2299999),
(2604, 33, 26, 962, 6730000, 6799999),
(2605, 33, 83, 962, 6540000, 6589999),
(2606, 33, 47, 962, 5980000, 6019999),
(2607, 33, 3, 962, 2000000, 2149999),
(2608, 53, 57, 963, 2890000, 2899999),
(2609, 33, 5, 963, 5200000, 5399999),
(2610, 33, 5, 963, 5170000, 5199999),
(2611, 33, 5, 963, 5000000, 5039999),
(2612, 33, 5, 963, 5040000, 5099999),
(2613, 33, 5, 963, 5700000, 5799999),
(2614, 33, 4, 963, 8420000, 8499999),
(2615, 33, 4, 963, 8000000, 8099999),
(2616, 33, 4, 963, 8180000, 8199999),
(2617, 33, 4, 963, 8100000, 8179999),
(2618, 33, 28, 963, 2100000, 2139999),
(2619, 33, 29, 963, 3520000, 3579999),
(2620, 33, 29, 963, 7300000, 7339999),
(2621, 33, 29, 963, 7340000, 7369999),
(2622, 33, 1, 963, 2140000, 2169999),
(2623, 33, 1, 963, 1500000, 1529999),
(2624, 33, 36, 963, 2800000, 2819999),
(2625, 33, 36, 963, 3900000, 3949999),
(2626, 33, 36, 963, 1650000, 1699999),
(2627, 33, 62, 963, 7370000, 7389999),
(2628, 33, 62, 963, 3500000, 3519999),
(2629, 33, 62, 963, 2900000, 2999999),
(2630, 33, 55, 963, 8350000, 8399999),
(2631, 33, 55, 963, 8300000, 8349999),
(2632, 33, 55, 963, 9400000, 9419999),
(2633, 33, 58, 963, 2850000, 2889999),
(2634, 33, 58, 963, 1700000, 1719999),
(2635, 33, 58, 963, 2820000, 2849999),
(2636, 33, 11, 963, 0, 9999),
(2637, 33, 11, 963, 8850000, 8899999),
(2638, 33, 11, 963, 5500000, 5549999),
(2639, 33, 11, 963, 4300000, 4349999),
(2640, 33, 11, 963, 2760000, 2769999),
(2641, 33, 2, 963, 2170000, 2189999),
(2642, 33, 2, 963, 9300000, 9309999),
(2643, 33, 12, 963, 1600000, 1649999),
(2644, 33, 35, 963, 2540000, 2699999),
(2645, 33, 35, 963, 9550000, 9599999),
(2646, 33, 35, 963, 1800000, 1929999),
(2647, 33, 38, 963, 8620000, 8679999),
(2648, 33, 38, 963, 4350000, 4399999),
(2649, 33, 38, 963, 2770000, 2799999),
(2650, 33, 38, 963, 8680000, 8699999),
(2651, 33, 38, 963, 10000, 109999),
(2652, 33, 61, 963, 7600000, 7699999),
(2653, 33, 61, 963, 7510000, 7599999),
(2654, 33, 61, 963, 9900000, 9999999),
(2655, 33, 61, 963, 7100000, 7139999),
(2656, 33, 61, 963, 9200000, 9299999),
(2657, 33, 61, 963, 7700000, 7899999),
(2658, 33, 61, 963, 7200000, 7299999),
(2659, 33, 61, 963, 7140000, 7199999),
(2660, 33, 61, 963, 7500000, 7509999),
(2661, 33, 61, 963, 9600000, 9799999),
(2662, 33, 61, 963, 6000000, 6999999),
(2663, 33, 30, 963, 3580000, 3609999),
(2664, 33, 30, 963, 3610000, 3659999),
(2665, 33, 81, 963, 2000000, 2009999),
(2666, 33, 15, 963, 2300000, 2339999),
(2667, 33, 31, 963, 3300000, 3329999),
(2668, 33, 31, 963, 3330000, 3349999),
(2669, 33, 31, 963, 3660000, 3679999),
(2670, 33, 31, 963, 3680000, 3699999),
(2671, 33, 31, 963, 2400000, 2409999),
(2672, 33, 16, 963, 9420000, 9499999),
(2673, 33, 18, 963, 1550000, 1589999),
(2674, 33, 18, 963, 2290000, 2299999),
(2675, 33, 45, 963, 1070000, 1099999),
(2676, 33, 45, 963, 1000000, 1069999),
(2677, 33, 45, 963, 980000, 999999),
(2678, 33, 45, 963, 1100000, 1119999),
(2679, 33, 68, 963, 8700000, 8849999),
(2680, 33, 68, 963, 8580000, 8619999),
(2681, 33, 68, 963, 110000, 209999),
(2682, 33, 32, 963, 3350000, 3369999),
(2683, 33, 32, 963, 3370000, 3399999),
(2684, 33, 75, 963, 5130000, 5149999),
(2685, 33, 75, 963, 5100000, 5129999),
(2686, 33, 75, 963, 1980000, 1999999),
(2687, 33, 75, 963, 5150000, 5169999),
(2688, 33, 67, 963, 1300000, 1449999),
(2689, 33, 67, 963, 2350000, 2389999),
(2690, 33, 67, 963, 8990000, 9099999),
(2691, 33, 67, 963, 8900000, 8989999),
(2692, 33, 76, 963, 7900000, 7999999),
(2693, 33, 76, 963, 4000000, 4299999),
(2694, 33, 76, 963, 3700000, 3759999),
(2695, 33, 77, 963, 3980000, 3999999),
(2696, 33, 77, 963, 1720000, 1759999),
(2697, 33, 33, 963, 7400000, 7499999),
(2698, 33, 78, 963, 210000, 259999),
(2699, 33, 78, 963, 5550000, 5599999),
(2700, 33, 78, 963, 4850000, 4899999),
(2701, 33, 69, 963, 2390000, 2399999),
(2702, 33, 69, 963, 1260000, 1279999),
(2703, 33, 50, 963, 1450000, 1499999),
(2704, 33, 19, 963, 3760000, 3779999),
(2705, 33, 19, 963, 3780000, 3799999),
(2706, 33, 19, 963, 1760000, 1799999),
(2707, 33, 52, 963, 1200000, 1259999),
(2708, 33, 80, 963, 2500000, 2539999),
(2709, 33, 80, 963, 9500000, 9539999),
(2710, 33, 80, 963, 2020000, 2099999),
(2711, 33, 20, 963, 4800000, 4849999),
(2712, 33, 20, 963, 260000, 309999),
(2713, 33, 20, 963, 5400000, 5499999),
(2714, 33, 65, 963, 9540000, 9549999),
(2715, 33, 65, 963, 2010000, 2019999),
(2716, 33, 60, 963, 1150000, 1199999),
(2717, 33, 60, 963, 9100000, 9199999),
(2718, 33, 34, 963, 3000000, 3219999),
(2719, 33, 34, 963, 3220000, 3299999),
(2720, 33, 34, 963, 2410000, 2499999),
(2721, 33, 34, 963, 3400000, 3499999),
(2722, 33, 41, 963, 1120000, 1149999),
(2723, 33, 54, 963, 2700000, 2759999),
(2724, 33, 54, 963, 4400000, 4499999),
(2725, 33, 54, 963, 310000, 559999),
(2726, 33, 54, 963, 8500000, 8579999),
(2727, 33, 39, 963, 3800000, 3899999),
(2728, 33, 23, 963, 1590000, 1599999),
(2729, 33, 24, 963, 2190000, 2229999),
(2730, 33, 24, 963, 1530000, 1549999),
(2731, 33, 66, 963, 1930000, 1979999),
(2732, 33, 53, 963, 9310000, 9399999),
(2733, 33, 53, 963, 2230000, 2289999),
(2734, 33, 72, 963, 560000, 729999),
(2735, 33, 72, 963, 4500000, 4599999),
(2736, 33, 25, 963, 1280000, 1299999),
(2737, 33, 25, 963, 2340000, 2349999),
(2738, 33, 26, 963, 8270000, 8299999),
(2739, 33, 26, 963, 8200000, 8229999),
(2740, 33, 26, 963, 8400000, 8419999),
(2741, 33, 26, 963, 8230000, 8269999),
(2742, 33, 26, 963, 5620000, 5639999),
(2743, 33, 26, 963, 5640000, 5689999),
(2744, 33, 40, 963, 4900000, 4959999),
(2745, 33, 59, 963, 4600000, 4799999),
(2746, 33, 59, 963, 730000, 979999),
(2747, 33, 83, 963, 5800000, 5999999),
(2748, 33, 83, 963, 7000000, 7099999),
(2749, 33, 83, 963, 9800000, 9899999),
(2750, 33, 83, 963, 3950000, 3979999),
(2751, 33, 73, 963, 4960000, 4999999),
(2752, 33, 5, 964, 6000000, 6099999),
(2753, 33, 5, 964, 800000, 899999),
(2754, 33, 64, 964, 2900000, 2999999),
(2755, 33, 64, 964, 3000000, 3029999),
(2756, 33, 43, 964, 8800000, 8899999),
(2757, 33, 7, 964, 6950000, 6999999),
(2758, 33, 29, 964, 3030000, 3069999);
INSERT INTO `ranges` (`id`, `network_id`, `region_id`, `code`, `range_start`, `range_end`) VALUES
(2759, 33, 29, 964, 6600000, 6749999),
(2760, 33, 9, 964, 1360000, 1379999),
(2761, 33, 9, 964, 4820000, 4899999),
(2762, 33, 48, 964, 4750000, 4799999),
(2763, 33, 46, 964, 4600000, 4749999),
(2764, 33, 1, 964, 4900000, 4999999),
(2765, 33, 27, 964, 2100000, 2299999),
(2766, 33, 27, 964, 2300000, 2319999),
(2767, 33, 27, 964, 5400000, 5499999),
(2768, 33, 27, 964, 7300000, 7599999),
(2769, 33, 27, 964, 2600000, 2899999),
(2770, 33, 27, 964, 1000000, 1299999),
(2771, 33, 27, 964, 6500000, 6599999),
(2772, 33, 27, 964, 8000000, 8249999),
(2773, 33, 27, 964, 3500000, 3599999),
(2774, 33, 36, 964, 350000, 419999),
(2775, 33, 36, 964, 300000, 349999),
(2776, 33, 10, 964, 1400000, 1499999),
(2777, 33, 58, 964, 420000, 429999),
(2778, 33, 11, 964, 2500000, 2599999),
(2779, 33, 2, 964, 1500000, 1569999),
(2780, 33, 12, 964, 8900000, 9399999),
(2781, 33, 12, 964, 9400000, 9499999),
(2782, 33, 56, 964, 4550000, 4599999),
(2783, 33, 61, 964, 7600000, 7999999),
(2784, 33, 61, 964, 6200000, 6499999),
(2785, 33, 61, 964, 5000000, 5399999),
(2786, 33, 61, 964, 7000000, 7299999),
(2787, 33, 61, 964, 5500000, 5999999),
(2788, 33, 30, 964, 3070000, 3099999),
(2789, 33, 30, 964, 6800000, 6889999),
(2790, 33, 15, 964, 8300000, 8399999),
(2791, 33, 31, 964, 6900000, 6949999),
(2792, 33, 31, 964, 3100000, 3129999),
(2793, 33, 18, 964, 1680000, 1699999),
(2794, 33, 45, 964, 8650000, 8779999),
(2795, 33, 68, 964, 1850000, 1999999),
(2796, 33, 51, 964, 4300000, 4549999),
(2797, 33, 32, 964, 3130000, 3169999),
(2798, 33, 32, 964, 6750000, 6799999),
(2799, 33, 67, 964, 9500000, 9659999),
(2800, 33, 70, 964, 4000000, 4149999),
(2801, 33, 76, 964, 0, 249999),
(2802, 33, 76, 964, 500000, 549999),
(2803, 33, 77, 964, 250000, 299999),
(2804, 33, 77, 964, 550000, 599999),
(2805, 33, 33, 964, 3170000, 3199999),
(2806, 33, 69, 964, 8600000, 8649999),
(2807, 33, 50, 964, 8500000, 8549999),
(2808, 33, 50, 964, 8400000, 8449999),
(2809, 33, 63, 964, 4150000, 4299999),
(2810, 33, 19, 964, 470000, 499999),
(2811, 33, 20, 964, 1800000, 1849999),
(2812, 33, 22, 964, 1570000, 1619999),
(2813, 33, 60, 964, 9660000, 9929999),
(2814, 33, 34, 964, 3400000, 3499999),
(2815, 33, 34, 964, 3600000, 3999999),
(2816, 33, 34, 964, 3200000, 3399999),
(2817, 33, 41, 964, 8450000, 8499999),
(2818, 33, 41, 964, 9930000, 9999999),
(2819, 33, 41, 964, 8780000, 8799999),
(2820, 33, 42, 964, 6150000, 6199999),
(2821, 33, 23, 964, 1300000, 1359999),
(2822, 33, 24, 964, 1620000, 1669999),
(2823, 33, 66, 964, 900000, 949999),
(2824, 33, 66, 964, 6100000, 6149999),
(2825, 33, 25, 964, 8550000, 8599999),
(2826, 33, 40, 964, 1700000, 1799999),
(2827, 33, 59, 964, 2400000, 2499999),
(2828, 33, 83, 964, 600000, 749999),
(2829, 33, 82, 964, 4800000, 4819999),
(2830, 33, 73, 964, 2000000, 2099999),
(2831, 33, 3, 964, 1670000, 1679999),
(2832, 33, 4, 965, 6700000, 6799999),
(2833, 33, 64, 965, 7300000, 7349999),
(2834, 33, 43, 965, 4500000, 4549999),
(2835, 33, 29, 965, 7350000, 7499999),
(2836, 33, 36, 965, 4950000, 4999999),
(2837, 33, 10, 965, 7000000, 7099999),
(2838, 33, 11, 965, 8300000, 8349999),
(2839, 33, 12, 965, 4550000, 4849999),
(2840, 33, 38, 965, 8350000, 8399999),
(2841, 33, 61, 965, 2500000, 4499999),
(2842, 33, 61, 965, 1000000, 1999999),
(2843, 33, 61, 965, 2000000, 2499999),
(2844, 33, 30, 965, 8000000, 8049999),
(2845, 33, 31, 965, 8050000, 8099999),
(2846, 33, 16, 965, 8200000, 8299999),
(2847, 33, 45, 965, 6300000, 6399999),
(2848, 33, 68, 965, 5500000, 5799999),
(2849, 33, 32, 965, 8100000, 8149999),
(2850, 33, 67, 965, 6400000, 6699999),
(2851, 33, 76, 965, 4850000, 4949999),
(2852, 33, 33, 965, 8150000, 8199999),
(2853, 33, 78, 965, 8600000, 8649999),
(2854, 33, 52, 965, 5800000, 6299999),
(2855, 33, 20, 965, 8400000, 8529999),
(2856, 33, 22, 965, 7100000, 7149999),
(2857, 33, 34, 965, 0, 999999),
(2858, 33, 34, 965, 7500000, 7999999),
(2859, 33, 54, 965, 5000000, 5499999),
(2860, 33, 23, 965, 7150000, 7199999),
(2861, 33, 24, 965, 7200000, 7249999),
(2862, 33, 25, 965, 6900000, 6999999),
(2863, 33, 59, 965, 8530000, 8599999),
(2864, 33, 47, 965, 6800000, 6899999),
(2865, 33, 3, 965, 7250000, 7299999),
(2866, 62, 6, 980, 3200000, 3299999),
(2867, 62, 6, 980, 3700000, 3799999),
(2868, 62, 28, 980, 3000000, 3199999),
(2869, 62, 28, 980, 3300000, 3399999),
(2870, 62, 9, 980, 3400000, 3499999),
(2871, 62, 9, 980, 5400000, 5499999),
(2872, 62, 1, 980, 6800000, 6809999),
(2873, 62, 10, 980, 5100000, 5149999),
(2874, 62, 14, 980, 3500000, 3599999),
(2875, 62, 18, 980, 3600000, 3699999),
(2876, 62, 22, 980, 5000000, 5049999),
(2877, 62, 23, 980, 6700000, 6799999),
(2878, 62, 24, 980, 6400000, 6449999),
(2879, 62, 3, 980, 6500000, 6649999),
(2880, 62, 29, 981, 5000000, 5099999),
(2881, 62, 29, 981, 4400000, 4449999),
(2882, 62, 62, 981, 4500000, 4599999),
(2883, 62, 81, 981, 6500000, 6549999),
(2884, 62, 34, 981, 7000000, 7499999),
(2885, 62, 34, 981, 7500000, 7999999),
(2886, 62, 78, 982, 9500000, 9599999),
(2887, 62, 54, 982, 6000000, 6099999),
(2888, 62, 72, 982, 9000000, 9099999),
(2889, 62, 40, 982, 5300000, 5399999),
(2890, 62, 40, 982, 5000000, 5099999),
(2891, 62, 40, 982, 4100000, 4199999),
(2892, 62, 40, 982, 5200000, 5299999),
(2893, 62, 40, 982, 5100000, 5199999),
(2894, 62, 59, 982, 3000000, 3299999),
(2895, 62, 73, 982, 4000000, 4099999),
(2896, 62, 5, 983, 1000000, 1099999),
(2897, 62, 5, 983, 1700000, 1899999),
(2898, 62, 27, 983, 4000000, 4199999),
(2899, 62, 35, 983, 1400000, 1699999),
(2900, 62, 16, 983, 1200000, 1399999),
(2901, 62, 17, 983, 1100000, 1199999),
(2902, 62, 70, 983, 4200000, 4299999),
(2903, 62, 65, 983, 1900000, 1999999),
(2904, 62, 63, 984, 1000000, 1099999),
(2905, 62, 61, 985, 0, 9999999),
(2906, 62, 8, 987, 6400000, 6599999),
(2907, 62, 44, 987, 3400000, 3499999),
(2908, 62, 44, 987, 8400000, 8699999),
(2909, 62, 67, 987, 2500000, 2599999),
(2910, 62, 67, 987, 5900000, 5999999),
(2911, 62, 67, 987, 6200000, 6299999),
(2912, 62, 69, 987, 7000000, 7099999),
(2913, 62, 50, 987, 6900000, 6999999),
(2914, 62, 50, 987, 9900000, 9999999),
(2915, 62, 52, 987, 2900000, 2999999),
(2916, 62, 60, 987, 9600000, 9799999),
(2917, 62, 60, 987, 9400000, 9599999),
(2918, 62, 41, 987, 3000000, 3299999),
(2919, 62, 41, 987, 8200000, 8399999),
(2920, 62, 47, 987, 6600000, 6699999),
(2921, 62, 43, 988, 5900000, 5939999),
(2922, 62, 43, 988, 5950000, 6009999),
(2923, 62, 43, 988, 1700000, 1799999),
(2924, 62, 8, 988, 3900000, 3999999),
(2925, 62, 8, 988, 4900000, 4999999),
(2926, 62, 36, 988, 9200000, 9299999),
(2927, 62, 36, 988, 9300000, 9399999),
(2928, 62, 36, 988, 7200000, 7299999),
(2929, 62, 58, 988, 9100000, 9199999),
(2930, 62, 58, 988, 7100000, 7199999),
(2931, 62, 12, 988, 3100000, 3119999),
(2932, 62, 12, 988, 5000000, 5089999),
(2933, 62, 12, 988, 8800000, 8899999),
(2934, 62, 12, 988, 4730000, 4739999),
(2935, 62, 12, 988, 3300000, 3359999),
(2936, 62, 12, 988, 5940000, 5949999),
(2937, 62, 12, 988, 6740000, 6749999),
(2938, 62, 12, 988, 3120000, 3129999),
(2939, 62, 12, 988, 4100000, 4199999),
(2940, 62, 12, 988, 7700000, 7709999),
(2941, 62, 12, 988, 3820000, 3829999),
(2942, 62, 12, 988, 1400000, 1699999),
(2943, 62, 12, 988, 5230000, 5239999),
(2944, 62, 12, 988, 6520000, 6529999),
(2945, 62, 12, 988, 4250000, 4259999),
(2946, 62, 12, 988, 1800000, 1899999),
(2947, 62, 12, 988, 3800000, 3819999),
(2948, 62, 12, 988, 3530000, 3539999),
(2949, 62, 12, 988, 3830000, 3899999),
(2950, 62, 12, 988, 4860000, 4869999),
(2951, 62, 12, 988, 3130000, 3249999),
(2952, 62, 12, 988, 9660000, 9669999),
(2953, 62, 12, 988, 3700000, 3789999),
(2954, 62, 12, 988, 3370000, 3529999),
(2955, 62, 12, 988, 6020000, 6029999),
(2956, 62, 12, 988, 7620000, 7629999),
(2957, 62, 12, 988, 3250000, 3259999),
(2958, 62, 12, 988, 2300000, 2399999),
(2959, 62, 12, 988, 9530000, 9539999),
(2960, 62, 12, 988, 4640000, 4649999),
(2961, 62, 12, 988, 4000000, 4099999),
(2962, 62, 12, 988, 5570000, 5579999),
(2963, 62, 12, 988, 6660000, 6669999),
(2964, 62, 12, 988, 2400000, 2499999),
(2965, 62, 12, 988, 2800000, 2899999),
(2966, 62, 12, 988, 7690000, 7699999),
(2967, 62, 12, 988, 3790000, 3799999),
(2968, 62, 12, 988, 4700000, 4729999),
(2969, 62, 12, 988, 5090000, 5099999),
(2970, 62, 12, 988, 3260000, 3299999),
(2971, 62, 12, 988, 6220000, 6229999),
(2972, 62, 12, 988, 4600000, 4639999),
(2973, 62, 12, 988, 3540000, 3699999),
(2974, 62, 12, 988, 3360000, 3369999),
(2975, 62, 12, 988, 7650000, 7659999),
(2976, 62, 77, 988, 8200000, 8299999),
(2977, 62, 77, 988, 8100000, 8199999),
(2978, 62, 49, 988, 6800000, 6899999),
(2979, 62, 19, 988, 8300000, 8399999),
(2980, 62, 21, 988, 8900000, 8999999),
(2981, 62, 21, 988, 5600000, 5699999),
(2982, 62, 21, 988, 5100000, 5199999),
(2983, 62, 21, 988, 2500000, 2599999),
(2984, 62, 21, 988, 5700000, 5899999),
(2985, 62, 21, 988, 5300000, 5499999),
(2986, 62, 39, 988, 7300000, 7399999),
(2987, 62, 39, 988, 7400000, 7599999),
(2988, 62, 39, 988, 7000000, 7099999),
(2989, 62, 39, 988, 8400000, 8599999),
(2990, 62, 83, 988, 9000000, 9099999),
(2991, 85, 76, 988, 4220000, 4249999),
(2992, 85, 76, 988, 7710000, 7809999),
(2993, 85, 76, 988, 2600000, 2799999),
(2994, 85, 76, 988, 4650000, 4699999),
(2995, 85, 76, 988, 4300000, 4599999),
(2996, 85, 76, 988, 4200000, 4219999),
(2997, 85, 76, 988, 2900000, 2999999),
(2998, 85, 76, 988, 3000000, 3099999),
(2999, 85, 76, 988, 6950000, 6999999),
(3000, 85, 76, 988, 2000000, 2299999),
(3001, 85, 76, 988, 4290000, 4299999),
(3002, 85, 76, 988, 4270000, 4289999),
(3003, 62, 67, 989, 9500000, 9599999),
(3004, 95, 19, 997, 4450000, 4456999);

-- --------------------------------------------------------

--
-- Структура таблицы `regions`
--

DROP TABLE IF EXISTS `regions`;
CREATE TABLE IF NOT EXISTS `regions` (
  `id` int(11) NOT NULL AUTO_INCREMENT,
  `name` varchar(255) NOT NULL,
  PRIMARY KEY (`id`),
  UNIQUE KEY `name` (`name`)
) ENGINE=MyISAM  DEFAULT CHARSET=utf8 AUTO_INCREMENT=84 ;

--
-- Дамп данных таблицы `regions`
--

INSERT INTO `regions` (`id`, `name`) VALUES
(1, 'Ивановская область'),
(2, 'Костромская область'),
(3, 'Ярославская область'),
(4, 'Амурская область'),
(5, 'Алтайский край'),
(6, 'Белгородская область'),
(7, 'Владимирская область'),
(8, 'Волгоградская область'),
(9, 'Воронежская область'),
(10, 'Калужская область'),
(11, 'Кировская область'),
(12, 'Краснодарский край'),
(13, 'Курская область'),
(14, 'Липецкая область'),
(15, 'Нижегородская область'),
(16, 'Новосибирская область'),
(17, 'Омская область'),
(18, 'Орловская область'),
(19, 'Республика Северная Осетия'),
(20, 'Республика Удмуртия'),
(21, 'Ростовская область'),
(22, 'Рязанская область'),
(23, 'Тамбовская область'),
(24, 'Тверская область'),
(25, 'Ульяновская область'),
(26, 'Хабаровский Край'),
(27, 'Иркутская область'),
(28, 'Брянская область'),
(29, 'Вологодская область'),
(30, 'Мурманская область'),
(31, 'Новгородская область'),
(32, 'Псковская область'),
(33, 'Республика Карелия'),
(34, 'Санкт-Петербург'),
(35, 'Красноярский край'),
(36, 'Кабардино-Балкарская Республика'),
(37, 'Кемеровская область'),
(38, 'Курганская область'),
(39, 'Ставропольский край'),
(40, 'Ханты-Мансийский АО'),
(41, 'Саратовская область'),
(42, 'Смоленская область'),
(43, 'Астраханская область'),
(44, 'Оренбургская область'),
(45, 'Пензенская область'),
(46, 'Забайкальский край'),
(47, 'Чувашская Республика'),
(48, 'Еврейская АО'),
(49, 'Республика Калмыкия'),
(50, 'Республика Мордовия'),
(51, 'Приморский край'),
(52, 'Республика Татарстан'),
(53, 'Тульская область'),
(54, 'Свердловская область'),
(55, 'Камчатский край'),
(56, 'Магаданская область'),
(57, 'Сахалинская область'),
(58, 'Карачаево-Черкесская Республика'),
(59, 'Челябинская область'),
(60, 'Самарская область'),
(61, 'Москва'),
(62, 'Калининградская область'),
(63, 'Республика Саха (Якутия)'),
(64, 'Архангельская область'),
(65, 'Республика Хакасия'),
(66, 'Томская область'),
(67, 'Республика Башкортостан'),
(68, 'Пермский край'),
(69, 'Республика Марий Эл'),
(70, 'Республика Бурятия'),
(71, 'Нет региона'),
(72, 'Тюменская область'),
(73, 'Ямало-Ненецкий АО'),
(74, 'Республика Адыгея'),
(75, 'Республика Алтай'),
(76, 'Республика Дагестан'),
(77, 'Республика Ингушетия'),
(78, 'Республика Коми'),
(79, 'Ленинградская область'),
(80, 'Республика Тыва'),
(81, 'Ненецкий АО'),
(82, 'Чукотский АО'),
(83, 'Чеченская Республика');

-- --------------------------------------------------------

--
-- Структура таблицы `votes`
--

DROP TABLE IF EXISTS `votes`;
CREATE TABLE IF NOT EXISTS `votes` (
  `id` int(11) NOT NULL AUTO_INCREMENT,
  `phone_id` int(11) NOT NULL,
  `code_id` int(11) NOT NULL,
  `poll_id` int(11) NOT NULL,
  `region_id` int(11) NOT NULL,
  `answer_id` int(11) NOT NULL,
  `weight` double NOT NULL,
  `canceled` tinyint(4) NOT NULL DEFAULT '0',
  PRIMARY KEY (`id`),
  KEY `region_id` (`region_id`),
  KEY `canceled` (`canceled`),
  KEY `poll_id` (`poll_id`),
  KEY `phone_id` (`phone_id`)
) ENGINE=MyISAM DEFAULT CHARSET=utf8 AUTO_INCREMENT=1 ;

/*!40101 SET CHARACTER_SET_CLIENT=@OLD_CHARACTER_SET_CLIENT */;
/*!40101 SET CHARACTER_SET_RESULTS=@OLD_CHARACTER_SET_RESULTS */;
/*!40101 SET COLLATION_CONNECTION=@OLD_COLLATION_CONNECTION */;
